participant_id,target_id,session,attempt,genuine,timestamp,force_1,force_2,force_3,hold_1,hold_2,hold_3,gap_1,gap_2,voice_digit_1,voice_digit_2,voice_digit_3,voice_dtw_1,voice_dtw_2,voice_dtw_3,gap_dist_1,gap_dist_2,baseline,S_M,S_V,S_G,decision,fusion_details
P26,,1,1,True,2025-01-15 09:03:00,200,546,397,173,346,232,745,392,2,5,6,0.06224741224681799,0.09264068677153284,0.07646038458733595,33,69,33,40,76,66,REJECT,Mechanical screening failed (40.0 < 62)
P26,,1,2,True,2025-01-15 09:06:00,169,512,392,105,414,259,560,401,2,5,6,0.061913987914193336,0.08260226739245763,0.08780521855834722,20,82,38,68,78,79,ACCEPT,Accepted (score=73.9)
P26,,1,3,True,2025-01-15 09:09:00,174,528,368,50,482,250,576,424,2,5,6,0.05222181125789615,0.08009350325970209,0.07017775709788096,20,106,30,63,79,51,ACCEPT,Accepted (score=60.6)
P26,,1,4,True,2025-01-15 09:12:00,129,520,387,206,574,259,534,453,2,5,6,0.06201580835811466,0.0825706991352884,0.07088066152877881,20,54,32,48,78,62,REJECT,Mechanical screening failed (48.0 < 62)
P26,,1,5,True,2025-01-15 09:15:00,181,544,406,188,531,393,775,318,2,5,6,0.07504370991086091,0.0952642100836356,0.07673176806736565,40,85,33,30,76,61,REJECT,Mechanical screening failed (30.0 < 62)
P26,,1,6,True,2025-01-15 09:18:00,201,534,393,118,459,275,707,278,2,5,6,0.06658786525394048,0.09668577966095766,0.08343425709771299,26,81,39,45,75,94,REJECT,Mechanical screening failed (45.0 < 62)
P26,,2,1,True,2025-01-17 09:03:00,136,515,325,131,464,338,431,228,2,5,6,0.05653084742112587,0.08374392835842683,0.07397400212650879,0,70,31,32,78,42,REJECT,Mechanical screening failed (32.0 < 62)
P26,,2,2,True,2025-01-17 09:06:00,187,501,335,366,512,320,393,279,2,5,6,0.07312401232250043,0.07702650213470355,0.07779751812882227,20,83,33,40,81,78,REJECT,Mechanical screening failed (40.0 < 62)
P26,,2,3,True,2025-01-17 09:09:00,175,558,353,267,418,174,556,341,2,5,6,0.06169824659046393,0.08829095767871162,0.08239370722054806,20,65,35,52,77,75,REJECT,Mechanical screening failed (52.0 < 62)
P26,,2,4,True,2025-01-17 09:12:00,192,524,340,204,608,146,840,495,2,5,6,0.0719291029653278,0.09184575094222956,0.07165011428236175,27,90,29,21,78,79,REJECT,Mechanical screening failed (21.0 < 62)
P26,,2,5,True,2025-01-17 09:15:00,183,530,380,182,472,395,473,251,2,5,6,0.06565449095558283,0.08330728854420154,0.08010332983695817,20,77,35,39,76,85,REJECT,Mechanical screening failed (39.0 < 62)
P26,,2,6,True,2025-01-17 09:18:00,180,515,339,171,552,273,729,465,2,5,6,0.06033111692600811,0.08874218574501504,0.08072789382312033,25,80,43,48,75,96,REJECT,Mechanical screening failed (48.0 < 62)
P26,,3,1,True,2025-01-21 09:03:00,142,542,333,189,372,303,516,424,2,5,6,0.06418517957376206,0.10509699688735478,0.0734048094151092,25,64,32,55,76,75,REJECT,Mechanical screening failed (55.0 < 62)
P26,,3,2,True,2025-01-21 09:06:00,211,481,408,208,258,242,722,381,2,5,6,0.05884028852898097,0.07190542981575083,0.07345961833846691,35,76,27,27,79,72,REJECT,Mechanical screening failed (27.0 < 62)
P26,,3,3,True,2025-01-21 09:09:00,167,525,368,174,420,449,597,191,2,5,6,0.06486677757394724,0.08646358544636643,0.07651141456680309,20,79,31,40,73,84,REJECT,Mechanical screening failed (40.0 < 62)
P26,,3,4,True,2025-01-21 09:12:00,210,510,364,298,418,212,497,432,2,5,6,0.06525825072113495,0.08662190793913278,0.07558473558851601,24,54,34,51,74,60,REJECT,Mechanical screening failed (51.0 < 62)
P26,,3,5,True,2025-01-21 09:15:00,157,503,368,57,539,255,708,315,2,5,6,0.057204900499222,0.0896618836851997,0.07548656356462892,30,79,34,46,76,85,REJECT,Mechanical screening failed (46.0 < 62)
P26,,3,6,True,2025-01-21 09:18:00,165,490,324,260,325,401,448,270,2,5,6,0.0702687802500217,0.08556590319989422,0.06502324500447429,33,66,32,25,78,62,REJECT,Mechanical screening failed (25.0 < 62)
P26,,4,1,True,2025-01-28 09:03:00,187,498,338,217,479,178,746,366,2,5,6,0.06567252321421085,0.08760526975142525,0.08133509312017471,32,70,43,44,78,69,REJECT,Mechanical screening failed (44.0 < 62)
P26,,4,2,True,2025-01-28 09:06:00,186,520,402,74,383,274,527,410,2,5,6,0.06620251996367309,0.08433116682830581,0.09061503436912254,29,79,41,50,77,88,REJECT,Mechanical screening failed (50.0 < 62)
P26,,4,3,True,2025-01-28 09:09:00,159,550,363,242,423,385,590,326,2,5,6,0.06706885145356441,0.08527234924656071,0.07514469913901904,26,73,44,56,77,87,REJECT,Mechanical screening failed (56.0 < 62)
P26,,4,4,True,2025-01-28 09:12:00,217,522,313,242,570,199,414,192,2,5,6,0.06938602185369436,0.0783714098307357,0.08568929939566278,20,72,32,22,76,80,REJECT,Mechanical screening failed (22.0 < 62)
P26,,4,5,True,2025-01-28 09:15:00,188,466,360,119,469,258,418,345,2,5,6,0.06743915205892403,0.0889777948280065,0.0847044618369552,20,89,46,49,77,70,REJECT,Mechanical screening failed (49.0 < 62)
P26,,4,6,True,2025-01-28 09:18:00,174,513,384,166,483,385,443,428,2,5,6,0.060887038545856635,0.09130028676337298,0.06635557613351287,25,68,27,46,77,81,REJECT,Mechanical screening failed (46.0 < 62)
P26,,5,1,True,2025-02-04 09:03:00,181,511,351,189,456,343,492,257,2,5,6,0.058685106627415495,0.08700837013328759,0.07410586054197113,20,78,25,54,77,86,REJECT,Mechanical screening failed (54.0 < 62)
P26,,5,2,True,2025-02-04 09:06:00,169,486,360,83,404,273,676,331,2,5,6,0.0626973081631355,0.08078585455358259,0.07966149586608612,22,78,38,55,79,91,REJECT,Mechanical screening failed (55.0 < 62)
P26,,5,3,True,2025-02-04 09:09:00,160,478,371,232,423,312,581,370,2,5,6,0.056345093209931967,0.08490579690284908,0.07497991301632881,27,68,33,70,75,76,ACCEPT,Accepted (score=73.2)
P26,,5,4,True,2025-02-04 09:12:00,171,524,353,154,508,228,415,516,2,5,6,0.06613973527084456,0.08817096216657586,0.08278179598682345,38,87,49,39,76,63,REJECT,Mechanical screening failed (39.0 < 62)
P26,,5,5,True,2025-02-04 09:15:00,183,516,364,279,478,330,545,266,2,5,6,0.06434480578788046,0.09445711643475424,0.07966756028137878,22,86,41,55,78,78,REJECT,Mechanical screening failed (55.0 < 62)
P26,,5,6,True,2025-02-04 09:18:00,136,553,365,101,438,254,450,339,2,5,6,0.061250074626267526,0.0869359496230689,0.0793585969036394,24,85,41,58,78,84,REJECT,Mechanical screening failed (58.0 < 62)
P26,P36,99,0,False,2025-01-15 09:32:00,187,717,339,50,265,470,424,161,8,4,9,0.09858118540849686,0.1644977094871626,0.12512850952730903,93,20,18,14,65,57,REJECT,Mechanical screening failed (14.0 < 62)
P26,P36,99,0,False,2025-01-15 10:38:00,151,642,349,85,783,430,651,542,8,3,2,0.09595558075085042,0.14889494477962276,0.20767002739256285,71,61,10,17,63,40,REJECT,Mechanical screening failed (17.0 < 62)
P26,P36,99,0,False,2025-01-15 09:47:00,96,706,262,385,201,244,636,717,8,9,1,0.09644421384453722,0.22565188107208758,0.18654404958776025,64,20,13,17,61,72,REJECT,Mechanical screening failed (17.0 < 62)
P26,P36,99,0,False,2025-01-15 09:21:00,262,694,315,50,277,594,501,390,7,7,2,0.1600555914695003,0.20884378734999398,0.19286524156035714,117,20,15,15,52,37,REJECT,Gap screening failed (37.0 < 38)
P26,P36,99,0,False,2025-01-15 10:17:00,82,752,278,251,520,370,367,278,8,1,9,0.09471312330202256,0.2332537082725986,0.1690824714709945,70,23,17,44,60,84,REJECT,Mechanical screening failed (44.0 < 62)
P26,P05,99,0,False,2025-01-15 10:17:00,157,714,365,269,319,347,552,243,5,0,2,0.20541208732310992,0.13482624147097172,0.1605503582749494,78,56,21,39,56,30,REJECT,Gap screening failed (30.0 < 38)
P26,P05,99,0,False,2025-01-15 10:35:00,136,657,401,240,749,257,499,349,9,0,2,0.2302677306305605,0.2105455270290119,0.1405028457895659,20,24,19,36,56,37,REJECT,Gap screening failed (37.0 < 38)
P26,P05,99,0,False,2025-01-15 10:31:00,75,725,353,166,402,107,520,100,7,7,2,0.185894439443299,0.19158308768890236,0.2098119781378128,94,20,20,24,48,45,REJECT,Mechanical screening failed (24.0 < 62)
P26,P05,99,0,False,2025-01-15 09:14:00,162,668,322,342,657,174,996,380,2,0,2,0.22680216114481733,0.10709167856235546,0.14400865764609067,32,40,34,21,59,34,REJECT,Gap screening failed (34.0 < 38)
P26,P05,99,0,False,2025-01-15 10:39:00,119,647,359,364,403,414,429,445,0,0,7,0.13881751842106457,0.1257149536522053,0.21128694798358538,0,0,22,24,57,17,REJECT,Gap screening failed (17.0 < 38)
P26,P04,99,0,False,2025-01-15 10:44:00,92,590,165,50,513,550,560,100,6,8,9,0.17273503616474187,0.1676250279996916,0.23393191647377315,79,50,11,14,51,40,REJECT,Mechanical screening failed (14.0 < 62)
P26,P04,99,0,False,2025-01-15 09:20:00,118,532,237,226,261,577,592,393,1,6,2,0.26633944075978216,0.1826578910733674,0.20957689030622836,64,39,20,22,48,43,REJECT,Mechanical screening failed (22.0 < 62)
P26,P04,99,0,False,2025-01-15 09:39:00,95,597,225,50,452,584,370,117,6,4,2,0.1869289254382922,0.23814822469991118,0.16557636586693086,37,52,14,14,54,87,REJECT,Mechanical screening failed (14.0 < 62)
P26,P04,99,0,False,2025-01-15 09:13:00,153,530,275,149,508,134,570,292,4,6,5,0.1834862551914862,0.17334952677746707,0.19082727280398679,78,81,24,28,51,37,REJECT,Gap screening failed (37.0 < 38)
P26,P04,99,0,False,2025-01-15 10:14:00,67,540,307,234,493,259,370,184,9,7,4,0.22677694998094303,0.1973952474589361,0.24873829298687403,41,24,16,18,46,49,REJECT,Mechanical screening failed (18.0 < 62)
P24,,1,1,True,2025-01-15 09:03:00,115,558,305,283,396,262,252,317,2,9,2,0.04840985851501671,0.06997370674754108,0.06331378446578793,70,33,21,54,82,79,REJECT,Mechanical screening failed (54.0 < 62)
P24,,1,2,True,2025-01-15 09:06:00,133,544,323,90,422,191,478,411,2,9,2,0.07147203631793335,0.07779607775132664,0.07186095245227164,55,20,34,57,76,47,REJECT,Mechanical screening failed (57.0 < 62)
P24,,1,3,True,2025-01-15 09:09:00,116,543,285,192,556,182,555,182,2,9,2,0.04863286275573562,0.0703245412918556,0.06176903607589821,74,42,20,33,82,93,REJECT,Mechanical screening failed (33.0 < 62)
P24,,1,4,True,2025-01-15 09:12:00,91,563,311,260,487,125,540,273,2,9,2,0.05088762680874243,0.07034424274460614,0.06061384883483477,73,54,18,37,82,71,REJECT,Mechanical screening failed (37.0 < 62)
P24,,1,5,True,2025-01-15 09:15:00,117,533,302,218,435,222,369,410,2,9,2,0.047158228781030515,0.0728315284179261,0.05989645110737364,96,39,16,70,80,57,ACCEPT,Accepted (score=66.3)
P24,,1,6,True,2025-01-15 09:18:00,120,542,288,258,506,309,410,373,2,9,2,0.05110354836024178,0.06917743386477199,0.06722551073106103,63,45,24,72,82,75,ACCEPT,Accepted (score=74.7)
P24,,2,1,True,2025-01-17 09:03:00,117,516,326,152,464,311,522,254,2,9,2,0.0491843455047595,0.06852081169522327,0.05716651016635115,78,34,11,46,83,71,REJECT,Mechanical screening failed (46.0 < 62)
P24,,2,2,True,2025-01-17 09:06:00,99,590,322,258,374,292,496,386,2,9,2,0.048360708921113015,0.07341681127869205,0.07053901311931662,69,43,25,67,82,90,ACCEPT,Accepted (score=78.5)
P24,,2,3,True,2025-01-17 09:09:00,131,585,288,353,342,244,499,342,2,9,2,0.047271003228602566,0.07215516531678227,0.06437159713224698,58,47,20,43,79,64,REJECT,Mechanical screening failed (43.0 < 62)
P24,,2,4,True,2025-01-17 09:12:00,107,577,313,269,560,279,495,331,2,9,2,0.06106836993282153,0.08275643213058695,0.07007421443408679,80,22,32,69,79,50,ACCEPT,Accepted (score=62.9)
P24,,2,5,True,2025-01-17 09:15:00,109,574,309,310,450,322,528,285,2,9,2,0.05925556225918321,0.07917308666241679,0.05974456419408056,54,56,22,51,79,47,REJECT,Mechanical screening failed (51.0 < 62)
P24,,2,6,True,2025-01-17 09:18:00,117,564,315,272,503,241,484,322,2,9,2,0.06116575930868797,0.07719055451740729,0.07487296546966439,66,34,33,80,77,79,ACCEPT,Accepted (score=79.2)
P24,,3,1,True,2025-01-21 09:03:00,109,566,317,171,503,263,388,399,2,9,2,0.045418546434179335,0.06853699652232147,0.06290210002726719,79,46,16,73,83,82,ACCEPT,Accepted (score=78.1)
P24,,3,2,True,2025-01-21 09:06:00,111,595,330,196,402,269,464,390,2,9,2,0.05421174830666731,0.08752967174815761,0.07305976610726717,75,41,21,76,81,91,ACCEPT,Accepted (score=82.8)
P24,,3,3,True,2025-01-21 09:09:00,114,564,309,142,587,209,635,230,2,9,2,0.05027276765006418,0.07711513201229475,0.05980301892251159,77,53,19,35,79,70,REJECT,Mechanical screening failed (35.0 < 62)
P24,,3,4,True,2025-01-21 09:12:00,94,528,333,335,409,332,327,267,2,9,2,0.043130004234980736,0.07009123415274762,0.0656679980483857,58,20,16,37,80,48,REJECT,Mechanical screening failed (37.0 < 62)
P24,,3,5,True,2025-01-21 09:15:00,109,568,315,279,488,274,388,515,2,9,2,0.05328028338330339,0.07783983287290398,0.0615887596098515,72,44,25,58,82,91,REJECT,Mechanical screening failed (58.0 < 62)
P24,,3,6,True,2025-01-21 09:18:00,116,549,315,234,504,319,601,279,2,9,2,0.0459913689541592,0.06793102591345379,0.06300560747761814,90,37,20,46,79,61,REJECT,Mechanical screening failed (46.0 < 62)
P24,,4,1,True,2025-01-28 09:03:00,115,542,323,258,488,201,483,434,2,9,2,0.05103689724782436,0.07773790359522723,0.06393808197247977,60,45,22,77,77,70,ACCEPT,Accepted (score=74.2)
P24,,4,2,True,2025-01-28 09:06:00,110,552,328,231,484,397,496,369,2,9,2,0.05052554136086244,0.08410148979973842,0.07195151100971962,71,46,20,68,78,87,ACCEPT,Accepted (score=77.1)
P24,,4,3,True,2025-01-28 09:09:00,129,538,319,251,415,211,552,344,2,9,2,0.05926357234647493,0.06539116092283398,0.06197003095747783,68,36,16,67,82,85,ACCEPT,Accepted (score=76.5)
P24,,4,4,True,2025-01-28 09:12:00,113,558,317,235,430,197,392,450,2,9,2,0.04827329045452176,0.06571196222527766,0.05716022299031349,72,36,14,67,82,85,ACCEPT,Accepted (score=76.5)
P24,,4,5,True,2025-01-28 09:15:00,97,544,320,53,384,207,461,224,2,9,2,0.0457285390564446,0.06855411509925657,0.06256198457877617,79,49,19,37,81,76,REJECT,Mechanical screening failed (37.0 < 62)
P24,,4,6,True,2025-01-28 09:18:00,115,544,288,169,475,334,395,158,2,9,2,0.05123398782771936,0.0664669587329082,0.07182768452228326,95,29,20,36,82,45,REJECT,Mechanical screening failed (36.0 < 62)
P24,,5,1,True,2025-02-04 09:03:00,148,575,299,227,321,289,387,363,2,9,2,0.05741775433463787,0.06951680529334624,0.06127326637659158,48,44,20,50,82,54,REJECT,Mechanical screening failed (50.0 < 62)
P24,,5,2,True,2025-02-04 09:06:00,132,526,297,197,556,230,440,291,2,9,2,0.04844611709769246,0.06593771563891351,0.05927626408567539,92,43,15,61,83,64,REJECT,Mechanical screening failed (61.0 < 62)
P24,,5,3,True,2025-02-04 09:09:00,110,565,319,232,467,272,548,404,2,9,2,0.0499189797983677,0.07562119292600776,0.05989445584042552,94,27,17,80,81,43,ACCEPT,Accepted (score=65.3)
P24,,5,4,True,2025-02-04 09:12:00,130,512,319,163,484,312,384,434,2,9,2,0.05482371150683516,0.07256867860283789,0.0766290849370158,76,48,21,52,76,80,REJECT,Mechanical screening failed (52.0 < 62)
P24,,5,5,True,2025-02-04 09:15:00,113,521,286,160,492,432,521,436,2,9,2,0.05341853602110427,0.06650913116676761,0.0723504193943754,74,31,28,41,79,72,REJECT,Mechanical screening failed (41.0 < 62)
P24,,5,6,True,2025-02-04 09:18:00,113,550,339,189,416,246,491,289,2,9,2,0.05118336620420809,0.07305657811436245,0.06448887550289989,58,33,25,69,81,73,ACCEPT,Accepted (score=72.4)
P24,P12,99,0,False,2025-01-15 09:03:00,212,606,278,299,574,419,465,687,7,3,5,0.09098483397359522,0.1352805518005,0.09591338121152676,86,102,26,20,70,57,REJECT,Mechanical screening failed (20.0 < 62)
P24,P12,99,0,False,2025-01-15 10:58:00,150,567,182,50,426,358,210,100,7,9,5,0.08949249200691435,0.09224970851232053,0.08351781039737748,68,76,40,23,73,79,REJECT,Mechanical screening failed (23.0 < 62)
P24,P12,99,0,False,2025-01-15 09:39:00,106,446,166,135,499,58,273,197,1,4,5,0.14513131917461408,0.09272373665788017,0.07834178003552807,70,79,32,14,69,82,REJECT,Mechanical screening failed (14.0 < 62)
P24,P12,99,0,False,2025-01-15 10:13:00,179,483,223,178,50,286,724,303,7,7,5,0.08529228772450591,0.08700006508095628,0.0833247000497335,97,115,23,33,73,42,REJECT,Mechanical screening failed (33.0 < 62)
P24,P12,99,0,False,2025-01-15 10:26:00,143,443,230,186,632,188,469,512,5,7,2,0.09236729791312175,0.13809863394050445,0.094826800814745,89,85,32,36,69,75,REJECT,Mechanical screening failed (36.0 < 62)
P24,P36,99,0,False,2025-01-15 10:56:00,169,582,298,173,474,331,354,319,1,5,4,0.21900251610171587,0.16940297776692834,0.19579168499702146,79,43,10,39,54,62,REJECT,Mechanical screening failed (39.0 < 62)
P24,P36,99,0,False,2025-01-15 09:48:00,145,702,278,253,306,445,798,376,8,5,2,0.1921949646950881,0.1875843712318556,0.19189839269444672,70,42,16,32,50,60,REJECT,Mechanical screening failed (32.0 < 62)
P24,P36,99,0,False,2025-01-15 09:50:00,133,701,332,281,370,198,653,367,3,3,6,0.1849566683840855,0.17191395456864456,0.1974361171122431,66,45,15,32,51,51,REJECT,Mechanical screening failed (32.0 < 62)
P24,P36,99,0,False,2025-01-15 11:00:00,156,739,321,212,207,356,751,363,7,2,0,0.18783738765055216,0.16488538852471785,0.2121102991711587,48,65,19,26,54,22,REJECT,Gap screening failed (22.0 < 38)
P24,P36,99,0,False,2025-01-15 10:31:00,175,693,264,216,397,435,501,434,2,2,7,0.17973299883564686,0.16228017350783588,0.19154622651435105,99,20,15,73,55,51,ACCEPT,Accepted (score=61.5)
P24,P32,99,0,False,2025-01-15 09:25:00,58,543,453,198,503,244,583,100,5,2,8,0.12988501286252851,0.16038919108756924,0.11886870830734032,20,29,21,25,63,56,REJECT,Mechanical screening failed (25.0 < 62)
P24,P32,99,0,False,2025-01-15 09:09:00,163,543,363,138,378,303,757,516,5,5,3,0.12493002476473798,0.18655829087460538,0.12479248024077642,63,20,22,33,62,46,REJECT,Mechanical screening failed (33.0 < 62)
P24,P32,99,0,False,2025-01-15 10:15:00,98,531,384,427,453,429,501,290,5,2,8,0.12669275275151767,0.1675081833932352,0.12639780248656504,20,31,26,34,62,53,REJECT,Mechanical screening failed (34.0 < 62)
P24,P32,99,0,False,2025-01-15 10:28:00,31,519,457,50,466,364,591,379,1,2,1,0.13316903316595474,0.15855603452683148,0.12217858501186114,20,28,27,26,62,57,REJECT,Mechanical screening failed (26.0 < 62)
P24,P32,99,0,False,2025-01-15 10:46:00,131,515,356,279,414,434,118,100,5,4,1,0.12279051701127325,0.16902106777393955,0.14868510232790813,27,50,21,18,62,41,REJECT,Mechanical screening failed (18.0 < 62)
P20,,1,1,True,2025-01-15 09:03:00,85,677,334,203,535,431,533,351,7,3,3,0.04653842986879153,0.07621245823888878,0.06305456718296855,20,75,30,54,81,79,REJECT,Mechanical screening failed (54.0 < 62)
P20,,1,2,True,2025-01-15 09:06:00,106,706,321,211,575,211,404,453,7,3,3,0.03787386940931006,0.08932897564181218,0.05867327926293838,33,98,19,32,79,69,REJECT,Mechanical screening failed (32.0 < 62)
P20,,1,3,True,2025-01-15 09:09:00,109,730,331,240,518,455,467,389,7,3,3,0.05033861514925006,0.0775938305262463,0.06350014537016842,20,66,34,53,81,72,REJECT,Mechanical screening failed (53.0 < 62)
P20,,1,4,True,2025-01-15 09:12:00,134,689,348,279,305,478,538,350,7,3,3,0.07179640708880798,0.07555219658389621,0.05907798453290578,64,69,25,29,80,31,REJECT,Gap screening failed (31.0 < 38)
P20,,1,5,True,2025-01-15 09:15:00,105,674,317,221,379,327,489,354,7,3,3,0.04889839095715759,0.07724541377417635,0.0649490785355364,20,79,36,74,80,82,ACCEPT,Accepted (score=78.1)
P20,,1,6,True,2025-01-15 09:18:00,100,703,363,320,222,526,609,285,7,3,3,0.07193306241614005,0.07953539577124828,0.06360090662874103,20,67,32,14,78,73,REJECT,Mechanical screening failed (14.0 < 62)
P20,,2,1,True,2025-01-17 09:03:00,100,730,301,162,380,356,372,357,7,3,3,0.04498345504701337,0.08038606663937486,0.06211161478661485,20,78,30,58,81,81,REJECT,Mechanical screening failed (58.0 < 62)
P20,,2,2,True,2025-01-17 09:06:00,76,718,346,125,418,158,480,421,7,3,3,0.07190644380119939,0.07658604180443306,0.0656794895109764,26,43,32,53,82,44,REJECT,Mechanical screening failed (53.0 < 62)
P20,,2,3,True,2025-01-17 09:09:00,65,714,324,139,481,331,501,349,7,3,3,0.05278848220246093,0.07956778857338966,0.06609331212398926,0,79,37,73,79,47,ACCEPT,Accepted (score=63.5)
P20,,2,4,True,2025-01-17 09:12:00,76,727,357,121,450,487,594,383,7,3,3,0.052894697151603796,0.08255106885230196,0.0637511485182527,20,87,31,47,81,73,REJECT,Mechanical screening failed (47.0 < 62)
P20,,2,5,True,2025-01-17 09:15:00,97,718,343,124,435,359,558,420,7,3,3,0.04925747291356392,0.08337330521761264,0.06188294811489104,20,71,39,79,81,75,ACCEPT,Accepted (score=77.7)
P20,,2,6,True,2025-01-17 09:18:00,101,635,281,218,530,332,501,391,7,3,3,0.0701348582140279,0.0828993111506695,0.06359152308090343,46,114,30,51,76,43,REJECT,Mechanical screening failed (51.0 < 62)
P20,,3,1,True,2025-01-21 09:03:00,109,696,296,240,525,274,505,452,7,3,3,0.05447203355572963,0.0736859017610198,0.057237095475099496,20,94,22,49,80,64,REJECT,Mechanical screening failed (49.0 < 62)
P20,,3,2,True,2025-01-21 09:06:00,95,717,354,220,510,369,454,239,7,3,3,0.06616913951907304,0.07970207210268292,0.06049035575520407,20,94,34,58,80,64,REJECT,Mechanical screening failed (58.0 < 62)
P20,,3,3,True,2025-01-21 09:09:00,102,718,355,98,493,445,491,314,7,3,3,0.0684765580261459,0.0801068364446413,0.08460544533346963,49,71,28,49,73,46,REJECT,Mechanical screening failed (49.0 < 62)
P20,,3,4,True,2025-01-21 09:12:00,88,740,303,97,408,299,344,330,7,3,3,0.045608466473896825,0.07559584258447927,0.05851432793883226,52,89,22,48,83,46,REJECT,Mechanical screening failed (48.0 < 62)
P20,,3,5,True,2025-01-21 09:15:00,120,723,368,78,406,278,427,326,7,3,3,0.046737624330432596,0.07638853519933933,0.08262841170427364,20,70,31,53,81,75,REJECT,Mechanical screening failed (53.0 < 62)
P20,,3,6,True,2025-01-21 09:18:00,117,704,324,192,401,236,511,295,7,3,3,0.057039094847968576,0.08986017430492176,0.06374794795383663,32,97,32,60,81,71,REJECT,Mechanical screening failed (60.0 < 62)
P20,,4,1,True,2025-01-28 09:03:00,111,736,326,132,422,473,475,345,7,3,3,0.044282841735095405,0.07583971110801023,0.06063890068506749,20,61,29,61,81,70,REJECT,Mechanical screening failed (61.0 < 62)
P20,,4,2,True,2025-01-28 09:06:00,87,715,311,253,349,305,454,395,7,3,3,0.04582948098516532,0.08201846253283913,0.060505895932106736,37,67,22,61,79,56,REJECT,Mechanical screening failed (61.0 < 62)
P20,,4,3,True,2025-01-28 09:09:00,78,774,338,142,449,330,507,391,7,3,3,0.054989656369077884,0.07922475194269808,0.055743901813035734,38,83,32,68,82,69,ACCEPT,Accepted (score=70.5)
P20,,4,4,True,2025-01-28 09:12:00,115,748,323,131,500,556,490,366,7,3,3,0.04793997674086787,0.07674932850432076,0.08066469597064349,31,66,31,47,81,65,REJECT,Mechanical screening failed (47.0 < 62)
P20,,4,5,True,2025-01-28 09:15:00,115,719,280,84,485,475,400,236,7,3,3,0.05263905077035665,0.07875704188293513,0.06020871295068095,27,92,35,24,82,79,REJECT,Mechanical screening failed (24.0 < 62)
P20,,4,6,True,2025-01-28 09:18:00,90,748,376,236,359,346,481,219,7,3,3,0.06389176563862214,0.0799243644920866,0.08179635323004857,20,88,27,46,76,72,REJECT,Mechanical screening failed (46.0 < 62)
P20,,5,1,True,2025-02-04 09:03:00,82,753,395,147,386,309,471,414,7,3,3,0.04345921186622311,0.07581082235392889,0.08637465315399268,22,73,31,55,77,82,REJECT,Mechanical screening failed (55.0 < 62)
P20,,5,2,True,2025-02-04 09:06:00,120,723,296,105,480,353,537,384,7,3,3,0.07459447135043146,0.07522107691400205,0.05887650207838049,32,75,22,62,80,76,ACCEPT,Accepted (score=70.3)
P20,,5,3,True,2025-02-04 09:09:00,63,758,315,244,282,394,502,535,7,3,3,0.05684564434005559,0.07962691106382541,0.06266397893672741,26,51,31,40,80,53,REJECT,Mechanical screening failed (40.0 < 62)
P20,,5,4,True,2025-02-04 09:12:00,143,700,302,166,353,419,398,389,7,3,3,0.04805346141700589,0.08751813545784642,0.07159064647569313,29,107,31,45,80,60,REJECT,Mechanical screening failed (45.0 < 62)
P20,,5,5,True,2025-02-04 09:15:00,94,675,370,264,480,408,597,439,7,3,3,0.05770809699966917,0.08598716233701197,0.084342404505913,61,75,33,41,76,38,REJECT,Mechanical screening failed (41.0 < 62)
P20,,5,6,True,2025-02-04 09:18:00,104,711,337,158,429,275,409,453,7,3,3,0.07597706296426446,0.07602778920231229,0.05926348066564316,22,89,29,62,77,74,ACCEPT,Accepted (score=69.1)
P20,P21,99,0,False,2025-01-15 10:20:00,104,772,370,273,334,495,534,453,8,5,5,0.09896226352996634,0.09860892749098096,0.08802672254268934,47,84,24,17,71,50,REJECT,Mechanical screening failed (17.0 < 62)
P20,P21,99,0,False,2025-01-15 09:31:00,120,606,412,122,510,50,273,357,4,5,3,0.1063186314452777,0.1041892963889194,0.08475513398011457,20,92,26,18,72,26,REJECT,Gap screening failed (26.0 < 38)
P20,P21,99,0,False,2025-01-15 09:13:00,98,696,336,252,559,471,434,100,7,3,5,0.08472805655705085,0.12131558956610047,0.08781977412849114,76,0,23,20,71,12,REJECT,Gap screening failed (12.0 < 38)
P20,P21,99,0,False,2025-01-15 10:29:00,105,677,412,71,426,321,401,438,4,5,7,0.08496902854946714,0.10196747248604836,0.11813895272337778,57,30,30,54,71,37,REJECT,Gap screening failed (37.0 < 38)
P20,P21,99,0,False,2025-01-15 10:38:00,151,676,450,224,452,222,250,649,4,1,5,0.10348487237612072,0.12884446057775023,0.08763902062543914,54,71,18,18,71,66,REJECT,Mechanical screening failed (18.0 < 62)
P20,P19,99,0,False,2025-01-15 09:38:00,195,650,226,50,344,388,488,100,6,4,0,0.28965945718403463,0.2540157245720826,0.2521647873853763,21,41,34,14,42,62,REJECT,Mechanical screening failed (14.0 < 62)
P20,P19,99,0,False,2025-01-15 10:48:00,162,633,296,182,490,209,696,470,0,0,0,0.2596388757771472,0.26998784141686594,0.28167714840836366,20,91,31,34,39,44,REJECT,Mechanical screening failed (34.0 < 62)
P20,P19,99,0,False,2025-01-15 10:27:00,25,522,243,194,457,166,306,401,2,0,3,0.2962606731958634,0.25645158944387103,0.2825245044680841,36,29,19,21,37,36,REJECT,Gap screening failed (36.0 < 38)
P20,P19,99,0,False,2025-01-15 10:16:00,129,584,245,188,435,171,478,256,9,8,7,0.2987502224104742,0.2675822415211935,0.28465637066418925,20,41,27,64,36,63,REJECT,Weighted check failed (score=59.4 < 60)
P20,P19,99,0,False,2025-01-15 10:43:00,128,618,228,291,436,50,416,267,7,0,4,0.28278896996792546,0.2804356659779815,0.28635248632601457,47,30,21,30,38,29,REJECT,Gap screening failed (29.0 < 38)
P20,P44,99,0,False,2025-01-15 09:15:00,184,529,315,118,412,601,289,252,7,7,2,0.11455680730592624,0.17792474974033623,0.1613722630920974,97,20,27,38,57,13,REJECT,Gap screening failed (13.0 < 38)
P20,P44,99,0,False,2025-01-15 10:41:00,140,467,296,113,425,124,560,100,6,4,3,0.11057280621482875,0.16459417090489695,0.19191863806569134,20,63,24,15,60,45,REJECT,Mechanical screening failed (15.0 < 62)
P20,P44,99,0,False,2025-01-15 10:12:00,208,611,326,469,451,181,270,339,7,7,9,0.11017327035140523,0.17054812302622163,0.17460760320513266,34,20,20,15,59,35,REJECT,Gap screening failed (35.0 < 38)
P20,P44,99,0,False,2025-01-15 10:40:00,172,591,341,545,456,540,327,100,7,6,0,0.11312200505431003,0.1648840834459905,0.17178178719640771,50,64,25,17,62,81,REJECT,Mechanical screening failed (17.0 < 62)
P20,P44,99,0,False,2025-01-15 09:05:00,187,507,257,316,270,294,228,368,5,1,4,0.12166773571181402,0.17307115175961438,0.16335847411878757,32,49,15,22,62,68,REJECT,Mechanical screening failed (22.0 < 62)
P12,,1,1,True,2025-01-15 09:03:00,189,506,239,81,459,353,315,356,7,9,5,0.0541539036874637,0.06730770279493056,0.04956971875067189,56,98,23,60,85,40,REJECT,Mechanical screening failed (60.0 < 62)
P12,,1,2,True,2025-01-15 09:06:00,146,585,218,216,385,420,551,312,7,9,5,0.053783640853451636,0.06948008246979452,0.05129283517461583,90,97,25,35,82,61,REJECT,Mechanical screening failed (35.0 < 62)
P12,,1,3,True,2025-01-15 09:09:00,196,536,264,50,399,260,472,244,7,9,5,0.05840051585618519,0.0646547209229433,0.05904617496963143,64,68,37,42,82,68,REJECT,Mechanical screening failed (42.0 < 62)
P12,,1,4,True,2025-01-15 09:12:00,186,546,249,166,559,323,470,485,7,9,5,0.051774712264775445,0.07027164918781148,0.05563344762360724,72,94,30,63,78,63,ACCEPT,Accepted (score=65.2)
P12,,1,5,True,2025-01-15 09:15:00,162,542,248,166,339,184,601,303,7,9,5,0.05278445112754909,0.0685666590518494,0.05612714795860115,69,84,34,33,79,72,REJECT,Mechanical screening failed (33.0 < 62)
P12,,1,6,True,2025-01-15 09:18:00,196,515,187,264,512,226,493,272,7,9,5,0.05573069603659897,0.0630734102004092,0.05428101893829203,58,78,29,37,81,64,REJECT,Mechanical screening failed (37.0 < 62)
P12,,2,1,True,2025-01-17 09:03:00,140,537,202,50,448,341,544,387,7,9,5,0.04436267824194089,0.06414511049632439,0.048092018545624615,87,87,16,59,87,77,REJECT,Mechanical screening failed (59.0 < 62)
P12,,2,2,True,2025-01-17 09:06:00,191,508,238,50,498,427,476,243,7,9,5,0.05780505106744987,0.06422237817580491,0.05788813320919042,88,71,36,37,79,69,REJECT,Mechanical screening failed (37.0 < 62)
P12,,2,3,True,2025-01-17 09:09:00,179,474,274,291,516,226,575,339,7,9,5,0.06350817069890159,0.06282746403823761,0.058524675459092027,87,78,42,28,82,82,REJECT,Mechanical screening failed (28.0 < 62)
P12,,2,4,True,2025-01-17 09:12:00,176,506,190,135,476,457,496,474,7,9,5,0.05908758893585535,0.06707695004291835,0.06340476071697308,79,88,31,46,80,80,REJECT,Mechanical screening failed (46.0 < 62)
P12,,2,5,True,2025-01-17 09:15:00,155,526,233,122,391,210,553,322,7,9,5,0.06091018503970978,0.06519696389018896,0.05781992054617526,59,80,35,57,84,62,REJECT,Mechanical screening failed (57.0 < 62)
P12,,2,6,True,2025-01-17 09:18:00,128,529,258,103,481,354,479,171,7,9,5,0.04926359140419548,0.06799257570695914,0.056949228290408355,77,83,32,42,82,88,REJECT,Mechanical screening failed (42.0 < 62)
P12,,3,1,True,2025-01-21 09:03:00,169,568,229,189,564,324,185,287,7,9,5,0.05098218479216719,0.06966924522815816,0.054281143102624295,74,43,29,43,83,43,REJECT,Mechanical screening failed (43.0 < 62)
P12,,3,2,True,2025-01-21 09:06:00,150,480,296,92,529,388,612,265,7,9,5,0.05150383327567584,0.0638594697767896,0.059715911499758266,88,0,29,23,83,13,REJECT,Gap screening failed (13.0 < 38)
P12,,3,3,True,2025-01-21 09:09:00,169,484,251,203,427,458,398,503,7,9,5,0.046292000080358935,0.06439241118685418,0.05377996270833085,51,102,23,29,82,33,REJECT,Gap screening failed (33.0 < 38)
P12,,3,4,True,2025-01-21 09:12:00,156,518,215,126,415,197,480,350,7,9,5,0.051517881949457264,0.06603181956611268,0.05470151836230876,59,89,32,70,80,52,ACCEPT,Accepted (score=64.3)
P12,,3,5,True,2025-01-21 09:15:00,116,502,215,107,422,298,461,331,7,9,5,0.055181077351827895,0.06501741936124619,0.059227434653996595,79,78,39,69,83,97,ACCEPT,Accepted (score=82.3)
P12,,3,6,True,2025-01-21 09:18:00,148,561,212,132,356,114,554,238,7,9,5,0.052219561501158716,0.06755118245294713,0.05703187310688623,70,53,30,28,81,53,REJECT,Mechanical screening failed (28.0 < 62)
P12,,4,1,True,2025-01-28 09:03:00,158,514,228,91,413,320,514,241,7,9,5,0.059662472453267404,0.0677085241874455,0.05570639078355855,42,75,39,66,79,42,REJECT,Weighted check failed (score=58.3 < 60)
P12,,4,2,True,2025-01-28 09:06:00,188,569,218,124,574,305,428,392,7,9,5,0.05702139478834116,0.07072533297515919,0.05758800656156789,92,96,38,59,76,62,REJECT,Mechanical screening failed (59.0 < 62)
P12,,4,3,True,2025-01-28 09:09:00,140,527,227,118,508,367,646,380,7,9,5,0.0484217378763539,0.06761941798214885,0.05697795652346044,64,65,23,55,81,67,REJECT,Mechanical screening failed (55.0 < 62)
P12,,4,4,True,2025-01-28 09:12:00,147,537,226,137,411,343,368,252,7,9,5,0.06346084502035654,0.07317579614487466,0.05925340869697462,83,70,47,59,79,75,REJECT,Mechanical screening failed (59.0 < 62)
P12,,4,5,True,2025-01-28 09:15:00,119,478,239,135,417,399,765,316,7,9,5,0.05354371916859584,0.06332863061412716,0.05432002234972046,70,70,27,37,83,79,REJECT,Mechanical screening failed (37.0 < 62)
P12,,4,6,True,2025-01-28 09:18:00,200,552,212,161,378,352,503,404,7,9,5,0.05456934578266548,0.06736751305865979,0.056159590536999635,77,65,33,62,80,74,ACCEPT,Accepted (score=69.5)
P12,,5,1,True,2025-02-04 09:03:00,176,579,206,148,353,287,362,479,7,9,5,0.0577805078550564,0.07353821592691086,0.05113355130600216,81,94,31,42,83,69,REJECT,Mechanical screening failed (42.0 < 62)
P12,,5,2,True,2025-02-04 09:06:00,174,491,216,50,424,403,548,454,7,9,5,0.05068369329640236,0.06473498267120724,0.050994700823411857,75,63,26,39,81,69,REJECT,Mechanical screening failed (39.0 < 62)
P12,,5,3,True,2025-02-04 09:09:00,134,502,209,204,346,440,489,360,7,9,5,0.0485446059798694,0.06518468909663175,0.05480704862200777,0,83,23,41,82,14,REJECT,Gap screening failed (14.0 < 38)
P12,,5,4,True,2025-02-04 09:12:00,156,506,175,252,354,183,520,140,7,9,5,0.052752065365604624,0.06407939734793132,0.05883708904858806,73,109,31,21,86,47,REJECT,Mechanical screening failed (21.0 < 62)
P12,,5,5,True,2025-02-04 09:15:00,171,569,268,187,514,377,588,443,7,9,5,0.056084939233205025,0.06948424735096341,0.05834374309014017,75,67,33,41,80,76,REJECT,Mechanical screening failed (41.0 < 62)
P12,,5,6,True,2025-02-04 09:18:00,150,505,221,162,461,301,449,212,7,9,5,0.05873103904847369,0.06420120206984527,0.056615347933713096,71,75,33,67,81,83,ACCEPT,Accepted (score=75.5)
P12,P43,99,0,False,2025-01-15 09:44:00,82,519,275,377,422,579,464,713,9,6,2,0.13844324037813702,0.15582065986735022,0.15510891986122946,40,56,14,13,64,43,REJECT,Mechanical screening failed (13.0 < 62)
P12,P43,99,0,False,2025-01-15 10:08:00,90,560,344,191,490,585,358,438,3,6,0,0.14966820259134792,0.162453490447393,0.13705998942075096,20,75,18,24,61,17,REJECT,Gap screening failed (17.0 < 38)
P12,P43,99,0,False,2025-01-15 09:54:00,93,577,378,127,359,382,419,110,4,9,6,0.14029710228878794,0.1771987275175141,0.16116233194233937,51,63,21,39,61,47,REJECT,Mechanical screening failed (39.0 < 62)
P12,P43,99,0,False,2025-01-15 10:24:00,64,507,375,436,498,488,221,226,0,6,3,0.14668113657011997,0.16665980752167006,0.1447346326756061,51,20,20,20,62,37,REJECT,Gap screening failed (37.0 < 38)
P12,P43,99,0,False,2025-01-15 09:47:00,139,570,331,88,154,163,485,216,4,6,0,0.1463489009212782,0.14496034229921545,0.15978332461420422,44,53,13,20,58,50,REJECT,Mechanical screening failed (20.0 < 62)
P12,P23,99,0,False,2025-01-15 09:08:00,218,569,358,734,387,179,377,448,9,5,0,0.22253670558717742,0.1900097805244144,0.22280185666097682,94,59,30,24,53,37,REJECT,Gap screening failed (37.0 < 38)
P12,P23,99,0,False,2025-01-15 10:04:00,192,578,443,415,299,50,364,109,7,3,4,0.2136088545183021,0.18407207078675678,0.20254553853982468,99,83,37,10,52,32,REJECT,Gap screening failed (32.0 < 38)
P12,P23,99,0,False,2025-01-15 10:22:00,220,554,401,204,372,68,560,100,2,5,2,0.21337314720874448,0.17382280924932555,0.212775088937156,54,48,31,14,51,82,REJECT,Mechanical screening failed (14.0 < 62)
P12,P23,99,0,False,2025-01-15 09:43:00,186,559,358,373,448,170,551,100,1,5,6,0.21751695227502885,0.18147006101612428,0.2095989555938683,61,113,33,23,51,26,REJECT,Gap screening failed (26.0 < 38)
P12,P23,99,0,False,2025-01-15 09:01:00,63,614,326,92,610,192,641,147,9,1,1,0.23453279762706572,0.20872908568168852,0.2071455314383093,46,101,27,14,49,32,REJECT,Gap screening failed (32.0 < 38)
P12,P13,99,0,False,2025-01-15 10:48:00,116,718,390,139,591,133,601,261,2,9,9,0.3106504751307101,0.25479882403318105,0.2782696810419914,99,85,20,22,42,62,REJECT,Mechanical screening failed (22.0 < 62)
P12,P13,99,0,False,2025-01-15 09:53:00,93,717,443,316,255,279,378,251,9,3,1,0.2968826840210118,0.28497895039209464,0.2930395494705772,63,83,24,32,37,58,REJECT,Mechanical screening failed (32.0 < 62)
P12,P13,99,0,False,2025-01-15 10:45:00,172,695,346,123,279,218,578,273,7,6,8,0.2851660001107977,0.24668687382333052,0.27319513676294527,114,53,12,27,41,31,REJECT,Gap screening failed (31.0 < 38)
P12,P13,99,0,False,2025-01-15 10:02:00,113,647,326,50,329,50,539,589,6,6,3,0.3106229755166582,0.26220367621879315,0.28903905132159086,113,80,14,13,38,49,REJECT,Mechanical screening failed (13.0 < 62)
P12,P13,99,0,False,2025-01-15 09:13:00,211,590,432,263,284,277,669,525,5,3,9,0.27117941601301543,0.32615210326402566,0.2928193222754956,95,72,15,32,36,68,REJECT,Mechanical screening failed (32.0 < 62)
P05,,1,1,True,2025-01-15 09:03:00,144,643,334,237,566,204,609,306,0,0,2,0.047928807867895835,0.07488946284585533,0.07794323919232078,60,22,23,48,79,88,REJECT,Mechanical screening failed (48.0 < 62)
P05,,1,2,True,2025-01-15 09:06:00,76,682,335,169,559,417,728,211,0,0,2,0.04414484043565706,0.08562216608112508,0.07685519522180853,46,25,24,23,80,70,REJECT,Mechanical screening failed (23.0 < 62)
P05,,1,3,True,2025-01-15 09:09:00,89,638,327,338,341,417,581,217,0,0,2,0.04281300586022461,0.09333228137390995,0.05874704614889156,70,35,28,25,82,55,REJECT,Mechanical screening failed (25.0 < 62)
P05,,1,4,True,2025-01-15 09:12:00,91,700,325,145,465,186,379,308,0,0,2,0.03948728462260795,0.06418684021452252,0.051163363754798574,72,28,16,39,84,67,REJECT,Mechanical screening failed (39.0 < 62)
P05,,1,5,True,2025-01-15 09:15:00,94,635,357,476,588,393,797,462,0,0,2,0.05014676663555559,0.07154249123689142,0.061987876276294006,72,20,29,28,82,68,REJECT,Mechanical screening failed (28.0 < 62)
P05,,1,6,True,2025-01-15 09:18:00,139,648,341,92,329,274,444,381,0,0,2,0.04564030864783738,0.08868631325113165,0.05555336401668832,53,25,22,45,81,83,REJECT,Mechanical screening failed (45.0 < 62)
P05,,2,1,True,2025-01-17 09:03:00,97,670,351,321,440,257,602,398,0,0,2,0.03784576976824783,0.09228420068276975,0.0673355771960208,65,33,24,65,80,61,ACCEPT,Accepted (score=65.7)
P05,,2,2,True,2025-01-17 09:06:00,117,658,317,73,481,81,711,431,0,0,2,0.04268643851562475,0.07282386407025081,0.0548695394153347,45,20,23,24,80,81,REJECT,Mechanical screening failed (24.0 < 62)
P05,,2,3,True,2025-01-17 09:09:00,121,672,341,217,464,339,533,339,0,0,2,0.05128184264432736,0.07927319496405194,0.05635934459205107,40,30,24,86,77,53,ACCEPT,Accepted (score=71.5)
P05,,2,4,True,2025-01-17 09:12:00,102,629,328,264,462,346,694,340,0,0,2,0.03965078705087423,0.07427638190301783,0.06820712718368008,62,31,19,54,80,66,REJECT,Mechanical screening failed (54.0 < 62)
P05,,2,5,True,2025-01-17 09:15:00,92,696,340,138,441,530,528,316,0,0,2,0.06397853942837167,0.06935248310346628,0.07022655503623107,60,20,22,44,82,87,REJECT,Mechanical screening failed (44.0 < 62)
P05,,2,6,True,2025-01-17 09:18:00,91,681,341,191,540,250,514,278,0,0,2,0.043300093072050336,0.06719518506885487,0.07354454521427091,42,29,22,68,81,57,ACCEPT,Accepted (score=65.5)
P05,,3,1,True,2025-01-21 09:03:00,102,648,376,329,564,244,550,364,0,0,2,0.042006933637110576,0.0703934098511472,0.06680230319149523,40,20,29,49,81,71,REJECT,Mechanical screening failed (49.0 < 62)
P05,,3,2,True,2025-01-21 09:06:00,132,683,310,284,453,330,596,211,0,0,2,0.046706049537910514,0.08706543464779337,0.0589524308680188,53,41,20,45,77,54,REJECT,Mechanical screening failed (45.0 < 62)
P05,,3,3,True,2025-01-21 09:09:00,78,691,336,386,289,406,524,398,0,0,2,0.041304901834982345,0.10124084385530845,0.05758310085060911,49,24,23,22,80,78,REJECT,Mechanical screening failed (22.0 < 62)
P05,,3,4,True,2025-01-21 09:12:00,102,687,341,50,593,192,588,419,0,0,2,0.04464217682177704,0.0856867422165988,0.07651257044467552,35,44,22,28,78,34,REJECT,Gap screening failed (34.0 < 38)
P05,,3,5,True,2025-01-21 09:15:00,83,679,367,204,521,369,520,400,0,0,2,0.07826306305046249,0.08783428774171644,0.0669849219030242,30,20,18,57,77,55,REJECT,Mechanical screening failed (57.0 < 62)
P05,,3,6,True,2025-01-21 09:18:00,89,662,340,359,318,209,575,259,0,0,2,0.0493681699593666,0.07781385188759093,0.06832514798433494,45,40,11,34,81,47,REJECT,Mechanical screening failed (34.0 < 62)
P05,,4,1,True,2025-01-28 09:03:00,142,660,352,123,550,229,501,495,0,0,2,0.04391824685541498,0.09191301043434476,0.07665951412349373,63,24,22,38,79,81,REJECT,Mechanical screening failed (38.0 < 62)
P05,,4,2,True,2025-01-28 09:06:00,102,654,314,323,452,337,572,198,0,0,2,0.05974914298429963,0.06713423209388758,0.05581307279606091,28,30,20,42,82,39,REJECT,Mechanical screening failed (42.0 < 62)
P05,,4,3,True,2025-01-28 09:09:00,99,675,333,178,595,177,477,278,0,0,2,0.037286694325849475,0.07553603339109911,0.066284538639915,39,20,17,39,81,69,REJECT,Mechanical screening failed (39.0 < 62)
P05,,4,4,True,2025-01-28 09:12:00,113,660,361,82,384,350,458,419,0,0,2,0.04207883067796818,0.07254781220063643,0.07521385645556816,36,20,25,39,83,64,REJECT,Mechanical screening failed (39.0 < 62)
P05,,4,5,True,2025-01-28 09:15:00,80,624,319,258,475,253,599,270,0,0,2,0.08222856996366017,0.10284214052854818,0.05653186730279207,54,31,31,59,75,71,REJECT,Mechanical screening failed (59.0 < 62)
P05,,4,6,True,2025-01-28 09:18:00,109,696,326,160,340,351,482,353,0,0,2,0.03494875137550136,0.08840209381030086,0.052228563127284876,68,20,20,44,82,74,REJECT,Mechanical screening failed (44.0 < 62)
P05,,5,1,True,2025-02-04 09:03:00,71,669,345,385,560,291,590,373,0,0,2,0.04899127915981146,0.08069907200268558,0.06464297969085284,94,37,19,53,81,46,REJECT,Mechanical screening failed (53.0 < 62)
P05,,5,2,True,2025-02-04 09:06:00,94,661,350,340,373,266,491,334,0,0,2,0.06657675544534082,0.06730019627272428,0.05346739974658934,75,20,19,57,82,64,REJECT,Mechanical screening failed (57.0 < 62)
P05,,5,3,True,2025-02-04 09:09:00,91,659,311,310,584,320,454,427,0,0,2,0.043528064508373696,0.1107941122678742,0.06243755827980216,43,29,28,37,77,58,REJECT,Mechanical screening failed (37.0 < 62)
P05,,5,4,True,2025-02-04 09:12:00,99,609,311,151,337,227,544,399,0,0,2,0.04296500782435906,0.086092318890557,0.06439241745550725,117,20,21,48,79,30,REJECT,Gap screening failed (30.0 < 38)
P05,,5,5,True,2025-02-04 09:15:00,90,663,343,432,516,328,548,383,0,0,2,0.03880384307572082,0.0761772787620549,0.07190273999144782,50,24,20,54,81,80,REJECT,Mechanical screening failed (54.0 < 62)
P05,,5,6,True,2025-02-04 09:18:00,137,642,331,50,406,317,507,375,0,0,2,0.04303841345910718,0.07616683814258722,0.0579795248326125,64,33,19,49,81,61,REJECT,Mechanical screening failed (49.0 < 62)
P05,P01,99,0,False,2025-01-15 09:55:00,58,674,430,316,720,276,365,635,1,1,2,0.20063395993720634,0.18943831752431106,0.1852852450681809,52,67,37,14,49,51,REJECT,Mechanical screening failed (14.0 < 62)
P05,P01,99,0,False,2025-01-15 09:46:00,48,741,362,169,159,438,100,295,4,0,6,0.18605281690989867,0.2015510810850357,0.18394907093801655,67,38,32,21,51,47,REJECT,Mechanical screening failed (21.0 < 62)
P05,P01,99,0,False,2025-01-15 10:21:00,72,690,299,474,387,378,583,100,0,6,3,0.19323421649407943,0.20425347733513255,0.12913782830506476,75,83,19,18,54,60,REJECT,Mechanical screening failed (18.0 < 62)
P05,P01,99,0,False,2025-01-15 10:54:00,117,662,359,242,325,264,585,100,5,1,5,0.16932569344952778,0.20285012187805765,0.184763280604512,56,74,34,26,53,48,REJECT,Mechanical screening failed (26.0 < 62)
P05,P01,99,0,False,2025-01-15 10:46:00,42,654,388,120,441,245,326,261,1,5,3,0.19025394693022488,0.1877519214843775,0.18421696289863176,45,76,30,34,53,35,REJECT,Gap screening failed (35.0 < 38)
P05,P10,99,0,False,2025-01-15 09:58:00,61,671,282,203,495,389,456,100,5,4,9,0.2188609635172325,0.2212923991106414,0.21075423551637765,37,66,16,29,47,42,REJECT,Mechanical screening failed (29.0 < 62)
P05,P10,99,0,False,2025-01-15 10:30:00,92,666,294,140,534,442,526,108,1,6,6,0.22326540546339033,0.23140936127429407,0.2153404903974892,103,39,20,21,47,29,REJECT,Gap screening failed (29.0 < 38)
P05,P10,99,0,False,2025-01-15 09:19:00,129,651,209,50,512,417,438,263,5,4,4,0.21667314109075922,0.2239312229652416,0.21221636181893264,31,52,9,47,50,40,REJECT,Mechanical screening failed (47.0 < 62)
P05,P10,99,0,False,2025-01-15 09:55:00,234,682,218,341,312,697,163,370,7,3,0,0.23221105034576822,0.21377600228057414,0.22475652081443412,134,29,17,9,47,12,REJECT,Gap screening failed (12.0 < 38)
P05,P10,99,0,False,2025-01-15 09:22:00,69,678,276,405,475,174,460,337,7,4,8,0.2226970922125749,0.20790010520023924,0.21923534931646826,42,20,13,36,48,29,REJECT,Gap screening failed (29.0 < 38)
P05,P49,99,0,False,2025-01-15 10:33:00,135,554,322,50,383,120,439,134,0,7,8,0.12312077075200348,0.1861267237604587,0.16824070872758712,36,20,22,15,59,57,REJECT,Mechanical screening failed (15.0 < 62)
P05,P49,99,0,False,2025-01-15 10:06:00,155,696,253,178,244,104,525,457,9,0,2,0.15077158945867064,0.175431394619333,0.15666912963182247,31,20,26,31,56,56,REJECT,Mechanical screening failed (31.0 < 62)
P05,P49,99,0,False,2025-01-15 10:23:00,165,619,270,408,569,242,651,350,3,0,7,0.13651795610757755,0.159033133578504,0.15735302858318556,43,39,18,30,61,94,REJECT,Mechanical screening failed (30.0 < 62)
P05,P49,99,0,False,2025-01-15 09:34:00,126,710,299,204,503,341,860,173,9,1,8,0.14217893489628014,0.16553216081008412,0.14643643770396456,28,20,16,36,61,56,REJECT,Mechanical screening failed (36.0 < 62)
P05,P49,99,0,False,2025-01-15 10:18:00,120,595,329,266,97,344,682,350,9,0,8,0.14912822544572166,0.17530840012263713,0.1505719291761711,42,52,22,32,60,68,REJECT,Mechanical screening failed (32.0 < 62)
P46,,1,1,True,2025-01-15 09:03:00,133,561,299,205,645,297,499,151,6,1,8,0.042772738238769405,0.07036681650746607,0.055039536317686114,29,21,29,50,85,28,REJECT,Gap screening failed (28.0 < 38)
P46,,1,2,True,2025-01-15 09:06:00,117,590,317,338,294,354,554,194,6,1,8,0.04745715707601683,0.08183436579297931,0.0581998245212935,20,84,30,41,77,30,REJECT,Gap screening failed (30.0 < 38)
P46,,1,3,True,2025-01-15 09:09:00,98,576,278,243,485,291,637,232,6,1,8,0.04712085578351298,0.06398911762743054,0.05468974536317203,64,65,31,60,84,73,REJECT,Mechanical screening failed (60.0 < 62)
P46,,1,4,True,2025-01-15 09:12:00,128,577,312,257,497,211,519,249,6,1,8,0.06094672761198054,0.06762175509862704,0.053317876542016446,0,42,28,55,82,18,REJECT,Gap screening failed (18.0 < 38)
P46,,1,5,True,2025-01-15 09:15:00,120,580,315,198,547,352,620,165,6,1,8,0.05161710783264241,0.0633546449950299,0.05259922668685751,61,59,26,69,81,70,ACCEPT,Accepted (score=71.2)
P46,,1,6,True,2025-01-15 09:18:00,118,592,302,228,506,241,548,307,6,1,8,0.04456994973110291,0.06442634552839122,0.056565446382360066,44,38,30,68,81,50,ACCEPT,Accepted (score=62.8)
P46,,2,1,True,2025-01-17 09:03:00,127,559,321,353,616,324,504,304,6,1,8,0.049142722555706946,0.06392053253548428,0.056886148235041505,41,52,31,47,82,72,REJECT,Mechanical screening failed (47.0 < 62)
P46,,2,2,True,2025-01-17 09:06:00,91,539,299,304,337,244,379,318,6,1,8,0.05166361321190953,0.07828296424329122,0.05781948637856044,47,73,30,24,81,74,REJECT,Mechanical screening failed (24.0 < 62)
P46,,2,3,True,2025-01-17 09:09:00,127,584,326,172,629,312,635,304,6,1,8,0.06440381158115221,0.06978589877721106,0.06621711201819643,55,53,27,64,81,70,ACCEPT,Accepted (score=69.0)
P46,,2,4,True,2025-01-17 09:12:00,108,596,341,185,491,282,501,269,6,1,8,0.03803453624719891,0.07524531729154894,0.055170386663597935,29,47,23,70,83,49,ACCEPT,Accepted (score=63.6)
P46,,2,5,True,2025-01-17 09:15:00,128,581,321,177,417,279,649,282,6,1,8,0.05577432753106492,0.06849871767271852,0.05142972372424598,49,56,27,60,81,82,REJECT,Mechanical screening failed (60.0 < 62)
P46,,2,6,True,2025-01-17 09:18:00,114,589,306,378,516,426,578,289,6,1,8,0.04902431968694387,0.06755017765636731,0.056938497302663725,51,69,35,56,84,89,REJECT,Mechanical screening failed (56.0 < 62)
P46,,3,1,True,2025-01-21 09:03:00,102,583,319,255,498,311,701,258,6,1,8,0.04633102961384011,0.06864773176682504,0.061429716525802994,51,59,30,67,84,89,ACCEPT,Accepted (score=78.3)
P46,,3,2,True,2025-01-21 09:06:00,128,628,315,282,445,145,634,237,6,1,8,0.04935847063162683,0.06446763372795832,0.05550640302821576,37,42,26,29,79,56,REJECT,Mechanical screening failed (29.0 < 62)
P46,,3,3,True,2025-01-21 09:09:00,111,558,316,212,320,392,455,251,6,1,8,0.04618785933648897,0.0640770752730526,0.07438247255312519,47,58,33,41,79,85,REJECT,Mechanical screening failed (41.0 < 62)
P46,,3,4,True,2025-01-21 09:12:00,128,602,276,238,528,414,533,307,6,1,8,0.06389722345275715,0.06507283369038033,0.06051969983123744,36,55,34,61,81,63,REJECT,Mechanical screening failed (61.0 < 62)
P46,,3,5,True,2025-01-21 09:15:00,130,589,339,159,411,253,462,363,6,1,8,0.06763324706551835,0.06157233630356272,0.07080152073464976,24,68,25,37,82,46,REJECT,Mechanical screening failed (37.0 < 62)
P46,,3,6,True,2025-01-21 09:18:00,111,595,303,208,505,418,613,284,6,1,8,0.052389264111456495,0.06652357738293592,0.05911908637154816,41,77,37,77,84,58,ACCEPT,Accepted (score=70.5)
P46,,4,1,True,2025-01-28 09:03:00,82,617,311,385,464,354,616,305,6,1,8,0.04680323480314563,0.0651937111244538,0.06184077204157032,20,71,31,54,80,39,REJECT,Mechanical screening failed (54.0 < 62)
P46,,4,2,True,2025-01-28 09:06:00,99,554,307,360,454,399,596,295,6,1,8,0.04975419415485826,0.06510631498514527,0.05588234305945759,86,81,39,47,84,40,REJECT,Mechanical screening failed (47.0 < 62)
P46,,4,3,True,2025-01-28 09:09:00,115,630,304,111,477,324,507,184,6,1,8,0.05807509830473673,0.09213941181421824,0.06231163843480768,49,67,28,60,80,88,REJECT,Mechanical screening failed (60.0 < 62)
P46,,4,4,True,2025-01-28 09:12:00,113,562,319,263,574,258,535,260,6,1,8,0.06010175423004838,0.06483908760723345,0.05740762527344649,20,68,35,55,85,41,REJECT,Mechanical screening failed (55.0 < 62)
P46,,4,5,True,2025-01-28 09:15:00,115,598,295,135,572,291,577,369,6,1,8,0.046979173079030635,0.0628187472573454,0.057351678556768496,53,59,27,66,83,84,ACCEPT,Accepted (score=75.8)
P46,,4,6,True,2025-01-28 09:18:00,101,569,293,87,470,428,609,376,6,1,8,0.04476073892187937,0.06116248016215943,0.06297030832011229,68,60,24,44,82,61,REJECT,Mechanical screening failed (44.0 < 62)
P46,,5,1,True,2025-02-04 09:03:00,126,566,296,118,455,244,636,351,6,1,8,0.06724789850027206,0.06698824349770115,0.062327413205979836,73,49,36,50,79,43,REJECT,Mechanical screening failed (50.0 < 62)
P46,,5,2,True,2025-02-04 09:06:00,126,594,298,70,457,327,554,202,6,1,8,0.04328189273274561,0.06696535881350828,0.05545551056799095,51,82,29,62,81,67,ACCEPT,Accepted (score=66.9)
P46,,5,3,True,2025-02-04 09:09:00,115,605,298,50,466,342,569,294,6,1,8,0.04725109849792795,0.0663555152351153,0.05567633632167743,43,80,33,65,80,58,ACCEPT,Accepted (score=64.5)
P46,,5,4,True,2025-02-04 09:12:00,95,588,287,189,506,414,573,286,6,1,8,0.045904372286961204,0.06574213186658923,0.056826427798560536,30,58,33,77,83,54,ACCEPT,Accepted (score=68.7)
P46,,5,5,True,2025-02-04 09:15:00,117,609,306,50,478,465,521,320,6,1,8,0.0668413277086086,0.08882899248885187,0.05804449205673509,78,90,38,41,77,47,REJECT,Mechanical screening failed (41.0 < 62)
P46,,5,6,True,2025-02-04 09:18:00,137,578,308,51,497,293,478,229,6,1,8,0.04460150664617096,0.06821571868185342,0.05770882617650792,41,57,37,61,81,73,REJECT,Mechanical screening failed (61.0 < 62)
P46,P20,99,0,False,2025-01-15 10:43:00,103,772,344,50,249,288,526,517,5,8,8,0.2189312710049153,0.21002660157797237,0.20083935809245182,83,60,28,40,51,17,REJECT,Gap screening failed (17.0 < 38)
P46,P20,99,0,False,2025-01-15 10:57:00,125,614,338,184,493,50,501,507,0,1,7,0.19607303280439303,0.19956378190504157,0.1946593823398768,61,126,37,32,51,27,REJECT,Gap screening failed (27.0 < 38)
P46,P20,99,0,False,2025-01-15 10:08:00,152,792,317,334,465,330,202,302,7,3,7,0.2104048745665395,0.17733252172266964,0.1838423944191627,36,125,37,37,53,45,REJECT,Mechanical screening failed (37.0 < 62)
P46,P20,99,0,False,2025-01-15 10:39:00,159,744,304,50,315,368,204,329,1,2,3,0.18162467045721153,0.21432534694285116,0.17048764868488028,43,55,30,33,52,37,REJECT,Gap screening failed (37.0 < 38)
P46,P20,99,0,False,2025-01-15 10:01:00,121,709,337,199,467,615,634,409,0,1,4,0.1930329113287722,0.19835431582155702,0.2247391657455504,45,114,32,40,48,44,REJECT,Mechanical screening failed (40.0 < 62)
P46,P24,99,0,False,2025-01-15 09:59:00,108,600,304,162,426,240,507,645,2,9,2,0.16378798846914314,0.1475514844053083,0.14100305736187213,61,50,22,52,59,64,REJECT,Mechanical screening failed (52.0 < 62)
P46,P24,99,0,False,2025-01-15 09:55:00,125,554,341,61,662,437,630,348,1,9,2,0.15461237632587685,0.13895282343802692,0.1497113658461473,68,40,26,16,57,93,REJECT,Mechanical screening failed (16.0 < 62)
P46,P24,99,0,False,2025-01-15 10:45:00,114,513,280,162,632,466,769,368,4,9,2,0.14320158639604996,0.13301284225473564,0.1413240941641688,77,66,26,17,63,51,REJECT,Mechanical screening failed (17.0 < 62)
P46,P24,99,0,False,2025-01-15 10:33:00,115,478,271,215,88,321,667,319,7,9,2,0.12502798511801516,0.142779363145947,0.12748876961529992,28,67,27,18,67,20,REJECT,Gap screening failed (20.0 < 38)
P46,P24,99,0,False,2025-01-15 10:15:00,176,594,236,394,188,303,184,355,2,8,7,0.14372282250579482,0.1500825646332364,0.13869609963561333,76,20,18,10,62,51,REJECT,Mechanical screening failed (10.0 < 62)
P46,P34,99,0,False,2025-01-15 09:34:00,136,628,382,386,458,348,326,152,8,3,9,0.27714959535212774,0.29584978094860376,0.2106143729714897,46,67,13,25,41,48,REJECT,Mechanical screening failed (25.0 < 62)
P46,P34,99,0,False,2025-01-15 09:41:00,182,619,371,161,331,50,832,603,5,4,1,0.26094196573480805,0.2286586358634215,0.21766799880603344,91,84,19,15,46,61,REJECT,Mechanical screening failed (15.0 < 62)
P46,P34,99,0,False,2025-01-15 10:49:00,155,676,350,473,179,137,574,280,8,8,9,0.27774901045329836,0.22491811084357458,0.2185947859481873,105,58,8,17,44,47,REJECT,Mechanical screening failed (17.0 < 62)
P46,P34,99,0,False,2025-01-15 09:31:00,112,659,505,56,63,446,593,100,9,7,3,0.27345463412228566,0.2624338006010345,0.19743776491252296,48,78,24,7,46,40,REJECT,Mechanical screening failed (7.0 < 62)
P46,P34,99,0,False,2025-01-15 10:46:00,144,668,470,157,532,199,734,546,2,6,0,0.278533205128022,0.2655273647770446,0.20111618064895528,74,49,17,18,43,65,REJECT,Mechanical screening failed (18.0 < 62)
P27,,1,1,True,2025-01-15 09:03:00,152,615,394,224,266,144,536,322,1,9,0,0.05831635814426266,0.07708585007612521,0.08003405002093511,27,31,14,53,77,65,REJECT,Mechanical screening failed (53.0 < 62)
P27,,1,2,True,2025-01-15 09:06:00,164,644,407,253,383,364,466,432,1,9,0,0.06114463709656756,0.07404427037293157,0.08347330950133253,41,20,13,39,80,70,REJECT,Mechanical screening failed (39.0 < 62)
P27,,1,3,True,2025-01-15 09:09:00,136,602,406,125,455,264,460,341,1,9,0,0.0577047213161687,0.0745497894416931,0.0669509583908592,34,37,12,69,79,68,ACCEPT,Accepted (score=70.1)
P27,,1,4,True,2025-01-15 09:12:00,120,611,401,189,329,324,563,285,1,9,0,0.06752907906311359,0.073202756273031,0.06538251961199358,30,41,15,53,81,55,REJECT,Mechanical screening failed (53.0 < 62)
P27,,1,5,True,2025-01-15 09:15:00,138,637,383,85,392,258,426,196,1,9,0,0.04686011535437159,0.07383620105945511,0.08607150771521925,45,33,19,50,82,92,REJECT,Mechanical screening failed (50.0 < 62)
P27,,1,6,True,2025-01-15 09:18:00,137,623,396,231,408,199,447,269,1,9,0,0.05738576838475768,0.07031164666584622,0.07107218514152495,46,30,15,80,79,87,ACCEPT,Accepted (score=82.7)
P27,,2,1,True,2025-01-17 09:03:00,163,583,395,156,373,149,631,303,1,9,0,0.04609308035572598,0.07789353065632389,0.06459460323508444,46,24,12,46,79,73,REJECT,Mechanical screening failed (46.0 < 62)
P27,,2,2,True,2025-01-17 09:06:00,153,600,416,166,368,248,464,309,1,9,0,0.07241251132750516,0.07441579898702545,0.10065685091230066,59,27,13,83,73,59,ACCEPT,Accepted (score=71.9)
P27,,2,3,True,2025-01-17 09:09:00,141,646,387,259,485,74,463,174,1,9,0,0.06076933282147021,0.07230436647619841,0.09153427518326263,26,30,13,30,78,63,REJECT,Mechanical screening failed (30.0 < 62)
P27,,2,4,True,2025-01-17 09:12:00,146,634,391,115,401,174,504,436,1,9,0,0.05399479084756034,0.11290133728088038,0.07865346728270013,20,28,20,55,77,52,REJECT,Mechanical screening failed (55.0 < 62)
P27,,2,5,True,2025-01-17 09:15:00,165,602,428,122,321,184,612,293,1,9,0,0.06287885647822176,0.13134049144869847,0.07071133795413914,37,28,14,49,76,87,REJECT,Mechanical screening failed (49.0 < 62)
P27,,2,6,True,2025-01-17 09:18:00,130,597,419,95,393,313,486,319,1,9,0,0.08879761947577786,0.07336724283004165,0.06794992300704476,59,25,21,58,79,56,REJECT,Mechanical screening failed (58.0 < 62)
P27,,3,1,True,2025-01-21 09:03:00,152,701,403,238,526,234,500,259,1,9,0,0.06800688547797293,0.07340888915009632,0.06475051929455873,49,30,14,64,82,81,ACCEPT,Accepted (score=73.5)
P27,,3,2,True,2025-01-21 09:06:00,165,608,375,72,331,107,557,306,1,9,0,0.11172435700889549,0.07119907589716808,0.06507684517370907,20,43,16,40,76,41,REJECT,Mechanical screening failed (40.0 < 62)
P27,,3,3,True,2025-01-21 09:09:00,147,640,378,61,396,308,605,279,1,9,0,0.07507603166206438,0.07383727559489431,0.0683261270681654,37,39,17,50,75,70,REJECT,Mechanical screening failed (50.0 < 62)
P27,,3,4,True,2025-01-21 09:12:00,138,581,447,68,488,147,504,382,1,9,0,0.08194645697895463,0.07403556495326709,0.07283409182773039,39,33,16,29,75,86,REJECT,Mechanical screening failed (29.0 < 62)
P27,,3,5,True,2025-01-21 09:15:00,134,605,401,82,322,436,514,165,1,9,0,0.0768974061758959,0.07707652236552154,0.06668081849058398,37,24,22,22,80,78,REJECT,Mechanical screening failed (22.0 < 62)
P27,,3,6,True,2025-01-21 09:18:00,136,617,418,180,452,362,633,467,1,9,0,0.05142657482346494,0.07583045063307724,0.07631836968370553,28,26,19,28,79,67,REJECT,Mechanical screening failed (28.0 < 62)
P27,,4,1,True,2025-01-28 09:03:00,172,618,379,91,461,248,549,142,1,9,0,0.054280723487281246,0.07123786112700381,0.0787557565835831,39,33,13,42,81,86,REJECT,Mechanical screening failed (42.0 < 62)
P27,,4,2,True,2025-01-28 09:06:00,159,649,428,187,378,204,401,345,1,9,0,0.09754555206746074,0.0747777605505337,0.06385696011966888,48,28,13,64,74,78,ACCEPT,Accepted (score=71.1)
P27,,4,3,True,2025-01-28 09:09:00,150,609,374,100,590,325,572,316,1,9,0,0.0499028013213109,0.07307637902257581,0.06173858754993129,62,29,18,34,82,59,REJECT,Mechanical screening failed (34.0 < 62)
P27,,4,4,True,2025-01-28 09:12:00,151,628,384,255,491,178,482,355,1,9,0,0.058161824791957605,0.07655715144680811,0.06133585707763841,33,28,13,60,84,77,REJECT,Mechanical screening failed (60.0 < 62)
P27,,4,5,True,2025-01-28 09:15:00,186,620,406,221,324,285,504,345,1,9,0,0.11612989324171409,0.07063916892701898,0.0864206532612475,43,31,14,62,74,97,ACCEPT,Accepted (score=77.8)
P27,,4,6,True,2025-01-28 09:18:00,162,633,404,298,502,322,618,170,1,9,0,0.05258921573725795,0.07471779108819106,0.06393557025459261,49,30,23,31,81,81,REJECT,Mechanical screening failed (31.0 < 62)
P27,,5,1,True,2025-02-04 09:03:00,160,605,418,115,364,255,407,216,1,9,0,0.06161368958239843,0.07340488326829928,0.08736420760313642,46,37,15,55,81,82,REJECT,Mechanical screening failed (55.0 < 62)
P27,,5,2,True,2025-02-04 09:06:00,141,614,414,50,403,129,474,279,1,9,0,0.08735229420755869,0.07379211215247405,0.06399399820040277,30,30,18,51,77,71,REJECT,Mechanical screening failed (51.0 < 62)
P27,,5,3,True,2025-02-04 09:09:00,143,593,403,231,350,381,482,522,1,9,0,0.10331000953760056,0.0907023815808789,0.06391113506121629,50,20,17,37,77,59,REJECT,Mechanical screening failed (37.0 < 62)
P27,,5,4,True,2025-02-04 09:12:00,185,608,392,50,310,333,443,251,1,9,0,0.09452749534351224,0.0737209614672756,0.09773691586914825,44,36,20,33,70,85,REJECT,Mechanical screening failed (33.0 < 62)
P27,,5,5,True,2025-02-04 09:15:00,155,615,406,124,294,306,599,254,1,9,0,0.06269130623803362,0.0734473979586449,0.0650630228199627,38,20,16,42,75,68,REJECT,Mechanical screening failed (42.0 < 62)
P27,,5,6,True,2025-02-04 09:18:00,164,644,412,142,525,277,509,233,1,9,0,0.06507252526294076,0.07043288778131261,0.06310292216741896,53,36,10,60,79,75,REJECT,Mechanical screening failed (60.0 < 62)
P27,P30,99,0,False,2025-01-15 10:59:00,132,644,293,269,419,194,740,108,8,6,5,0.14171749420664662,0.155959341984482,0.1409126114504345,68,37,37,13,58,78,REJECT,Mechanical screening failed (13.0 < 62)
P27,P30,99,0,False,2025-01-15 09:11:00,160,631,271,353,194,194,579,491,9,2,4,0.09319724403709351,0.12539780804462133,0.10498847883388364,50,20,32,20,68,40,REJECT,Mechanical screening failed (20.0 < 62)
P27,P30,99,0,False,2025-01-15 09:35:00,146,663,308,50,226,352,487,124,8,4,5,0.11635888128741785,0.11713672615270387,0.10038830205099603,28,56,27,13,71,30,REJECT,Gap screening failed (30.0 < 38)
P27,P30,99,0,False,2025-01-15 10:52:00,72,554,267,50,435,90,100,643,2,6,6,0.09245202728882168,0.11013766084855722,0.1033313940955946,71,83,35,6,69,42,REJECT,Mechanical screening failed (6.0 < 62)
P27,P30,99,0,False,2025-01-15 09:57:00,147,608,173,321,489,50,580,113,9,1,6,0.13983112797781658,0.12721405021304313,0.0968644444914109,110,30,36,12,66,29,REJECT,Gap screening failed (29.0 < 38)
P27,P31,99,0,False,2025-01-15 09:31:00,150,595,353,134,365,230,441,625,2,5,7,0.1460909274621724,0.17706463887532695,0.1560739119031251,31,50,13,23,59,89,REJECT,Mechanical screening failed (23.0 < 62)
P27,P31,99,0,False,2025-01-15 10:36:00,104,712,470,247,620,64,586,100,6,1,8,0.15137800896069675,0.1842811566226047,0.17278497292750025,20,50,20,28,57,63,REJECT,Mechanical screening failed (28.0 < 62)
P27,P31,99,0,False,2025-01-15 09:59:00,101,628,386,181,528,220,605,452,3,8,9,0.1966631741030508,0.19806516074306638,0.1371209661925319,72,38,24,50,57,28,REJECT,Gap screening failed (28.0 < 38)
P27,P31,99,0,False,2025-01-15 10:12:00,122,562,442,258,223,73,486,240,8,7,8,0.1169314900187078,0.18707274613990957,0.15792389478504312,43,20,29,26,60,34,REJECT,Gap screening failed (34.0 < 38)
P27,P31,99,0,False,2025-01-15 10:18:00,121,589,365,76,244,433,307,484,7,5,2,0.14586135147544022,0.16694337454436411,0.18051416460562855,35,66,14,11,61,76,REJECT,Mechanical screening failed (11.0 < 62)
P27,P32,99,0,False,2025-01-15 10:25:00,80,607,477,75,515,337,100,182,4,1,9,0.21402251413934226,0.21818023758519597,0.20473602685482895,38,20,19,16,48,80,REJECT,Mechanical screening failed (16.0 < 62)
P27,P32,99,0,False,2025-01-15 09:48:00,56,554,322,176,294,191,598,249,9,9,0,0.21038097789252927,0.20704204253221867,0.2186126702663795,28,56,24,23,49,37,REJECT,Gap screening failed (37.0 < 38)
P27,P32,99,0,False,2025-01-15 09:43:00,48,533,369,274,377,386,469,463,5,0,8,0.20351508481531988,0.2100287081824492,0.18685280116197062,49,68,24,28,51,30,REJECT,Gap screening failed (30.0 < 38)
P27,P32,99,0,False,2025-01-15 09:03:00,105,588,391,59,369,392,531,405,1,2,8,0.2154299648723444,0.21489577158944426,0.19696374046312928,20,64,17,40,50,26,REJECT,Gap screening failed (26.0 < 38)
P27,P32,99,0,False,2025-01-15 10:03:00,178,518,399,160,351,431,264,303,0,3,7,0.21288460141842894,0.21961663497432096,0.18766954383388243,77,38,23,21,51,38,REJECT,Mechanical screening failed (21.0 < 62)
P10,,1,1,True,2025-01-15 09:03:00,203,667,200,131,349,355,406,251,3,6,6,0.05610408459684166,0.06785351006617825,0.0472819712491943,59,55,22,31,83,85,REJECT,Mechanical screening failed (31.0 < 62)
P10,,1,2,True,2025-01-15 09:06:00,162,636,219,345,466,222,382,202,3,6,6,0.03423465859173909,0.0668762262463999,0.05747445526745786,26,72,8,28,82,29,REJECT,Gap screening failed (29.0 < 38)
P10,,1,3,True,2025-01-15 09:09:00,151,690,287,227,516,384,436,294,3,6,6,0.04120883805258249,0.07041623201601,0.053262611709803974,49,40,18,80,81,58,ACCEPT,Accepted (score=71.3)
P10,,1,4,True,2025-01-15 09:12:00,124,681,237,107,399,362,575,283,3,6,6,0.04374809276290234,0.06868939812776283,0.05766820927009176,67,102,19,50,79,38,REJECT,Mechanical screening failed (50.0 < 62)
P10,,1,5,True,2025-01-15 09:15:00,145,678,232,199,355,487,512,340,3,6,6,0.04172580139061913,0.08262608048585812,0.040662589218509515,67,55,19,43,82,89,REJECT,Mechanical screening failed (43.0 < 62)
P10,,1,6,True,2025-01-15 09:18:00,106,671,238,131,644,340,518,155,3,6,6,0.031599654527676956,0.07552596088298544,0.04869977235162032,77,53,8,38,84,68,REJECT,Mechanical screening failed (38.0 < 62)
P10,,2,1,True,2025-01-17 09:03:00,124,663,219,218,433,321,439,340,3,6,6,0.03770707954180524,0.0676653168985321,0.05118757081265544,62,50,12,68,85,80,ACCEPT,Accepted (score=75.3)
P10,,2,2,True,2025-01-17 09:06:00,136,684,251,350,572,237,356,210,3,6,6,0.047675932931122045,0.07237876044435275,0.05341252737775197,65,61,19,31,86,93,REJECT,Mechanical screening failed (31.0 < 62)
P10,,2,3,True,2025-01-17 09:09:00,126,660,271,194,582,381,517,283,3,6,6,0.04581108456801118,0.07013946609393722,0.059578871769566624,65,67,25,61,80,81,REJECT,Mechanical screening failed (61.0 < 62)
P10,,2,4,True,2025-01-17 09:12:00,119,648,266,351,624,267,478,352,3,6,6,0.036386247898340204,0.0638414496117913,0.0530278393975674,66,20,7,33,83,38,REJECT,Mechanical screening failed (33.0 < 62)
P10,,2,5,True,2025-01-17 09:15:00,115,668,236,289,516,313,355,293,3,6,6,0.03502069572491568,0.06812654042911438,0.07310552136418481,54,81,14,65,83,46,ACCEPT,Accepted (score=60.1)
P10,,2,6,True,2025-01-17 09:18:00,142,682,244,326,407,447,354,237,3,6,6,0.03643898610464351,0.07619490300344652,0.037013936301472816,73,51,12,48,84,70,REJECT,Mechanical screening failed (48.0 < 62)
P10,,3,1,True,2025-01-21 09:03:00,135,672,225,446,563,402,432,309,3,6,6,0.033555353791329734,0.10489961642645164,0.04898362475399618,63,69,12,58,79,74,REJECT,Mechanical screening failed (58.0 < 62)
P10,,3,2,True,2025-01-21 09:06:00,128,662,234,291,455,437,470,368,3,6,6,0.035425845106334175,0.06801032690713509,0.04731635655615792,48,35,13,68,83,50,ACCEPT,Accepted (score=63.0)
P10,,3,3,True,2025-01-21 09:09:00,131,610,223,314,524,423,452,253,3,6,6,0.034681304303018856,0.06630614742820043,0.04893883811900879,60,72,11,57,85,65,REJECT,Mechanical screening failed (57.0 < 62)
P10,,3,4,True,2025-01-21 09:12:00,146,665,239,196,528,404,424,267,3,6,6,0.04210537033592274,0.08380560704070467,0.05116416606527146,77,55,19,83,81,71,ACCEPT,Accepted (score=77.9)
P10,,3,5,True,2025-01-21 09:15:00,116,717,248,276,478,353,485,306,3,6,6,0.060970936046277804,0.06739781422092385,0.053223403928223695,72,55,11,72,81,79,ACCEPT,Accepted (score=76.2)
P10,,3,6,True,2025-01-21 09:18:00,173,677,234,374,551,361,274,284,3,6,6,0.039850946936624755,0.09900817390383783,0.03802564219731341,70,24,11,60,80,38,REJECT,Mechanical screening failed (60.0 < 62)
P10,,4,1,True,2025-01-28 09:03:00,141,648,200,297,384,324,541,344,3,6,6,0.03815098583421997,0.06977998199257282,0.04914178912637793,57,78,13,40,83,53,REJECT,Mechanical screening failed (40.0 < 62)
P10,,4,2,True,2025-01-28 09:06:00,157,682,250,142,564,339,461,411,3,6,6,0.03894947576280437,0.06858904720136166,0.04584330126858777,83,40,15,52,82,44,REJECT,Mechanical screening failed (52.0 < 62)
P10,,4,3,True,2025-01-28 09:09:00,140,683,267,287,511,349,433,227,3,6,6,0.042223281133649315,0.0682197035059697,0.05455590550270841,52,60,19,73,82,70,ACCEPT,Accepted (score=73.2)
P10,,4,4,True,2025-01-28 09:12:00,144,681,218,347,549,328,516,174,3,6,6,0.03893684919035096,0.0686528148729391,0.04383556821661993,63,55,15,40,84,91,REJECT,Mechanical screening failed (40.0 < 62)
P10,,4,5,True,2025-01-28 09:15:00,167,700,238,170,532,362,397,249,3,6,6,0.04283577711232365,0.08006449637157989,0.053152874772390044,67,37,19,67,82,57,ACCEPT,Accepted (score=65.2)
P10,,4,6,True,2025-01-28 09:18:00,145,648,218,315,578,326,431,392,3,6,6,0.038618225490349725,0.06989081174029055,0.05008265799159172,89,69,13,52,82,56,REJECT,Mechanical screening failed (52.0 < 62)
P10,,5,1,True,2025-02-04 09:03:00,152,637,275,234,599,392,328,238,3,6,6,0.041462252325011204,0.07007474053865491,0.05822159382667761,34,70,14,45,82,36,REJECT,Gap screening failed (36.0 < 38)
P10,,5,2,True,2025-02-04 09:06:00,125,659,275,264,580,480,448,289,3,6,6,0.043948202322059204,0.0664812118448448,0.050282306838365556,53,81,21,61,84,45,REJECT,Mechanical screening failed (61.0 < 62)
P10,,5,3,True,2025-02-04 09:09:00,133,711,245,200,518,478,513,306,3,6,6,0.03827118945514097,0.06981931053110949,0.04369726329491755,45,60,14,58,87,59,REJECT,Mechanical screening failed (58.0 < 62)
P10,,5,4,True,2025-02-04 09:12:00,110,658,228,262,447,394,372,388,3,6,6,0.0517757313697429,0.07038472942593718,0.04629283751668586,54,48,13,56,85,74,REJECT,Mechanical screening failed (56.0 < 62)
P10,,5,5,True,2025-02-04 09:15:00,138,646,231,225,628,435,526,271,3,6,6,0.03293545442563689,0.06548564253694979,0.05385702019866177,64,63,10,54,84,87,REJECT,Mechanical screening failed (54.0 < 62)
P10,,5,6,True,2025-02-04 09:18:00,154,658,233,485,545,516,538,337,3,6,6,0.041318726967783666,0.07275090329220359,0.053527477496933464,78,69,18,40,82,70,REJECT,Mechanical screening failed (40.0 < 62)
P10,P20,99,0,False,2025-01-15 10:48:00,140,660,343,210,256,276,496,192,1,7,9,0.16951098365003656,0.14476400031957587,0.13054236827404977,40,178,34,43,59,23,REJECT,Gap screening failed (23.0 < 38)
P10,P20,99,0,False,2025-01-15 09:41:00,92,689,393,142,445,702,558,754,7,3,3,0.15031477189951517,0.14287875551986406,0.13652306295086872,20,61,41,27,63,70,REJECT,Mechanical screening failed (27.0 < 62)
P10,P20,99,0,False,2025-01-15 09:23:00,69,648,313,271,423,246,577,553,7,3,3,0.1543065940631669,0.14959470399037775,0.15442373848560173,61,53,25,30,61,24,REJECT,Gap screening failed (24.0 < 38)
P10,P20,99,0,False,2025-01-15 10:02:00,108,705,292,241,530,316,644,224,7,4,3,0.153086972773369,0.1511244475333589,0.15347121340397274,52,87,37,29,63,47,REJECT,Mechanical screening failed (29.0 < 62)
P10,P20,99,0,False,2025-01-15 09:27:00,110,687,388,50,267,216,527,299,7,3,3,0.1588723496467123,0.15679725317777607,0.14836005172721087,81,28,32,24,59,9,REJECT,Gap screening failed (9.0 < 38)
P10,P23,99,0,False,2025-01-15 09:45:00,75,599,385,334,449,233,467,270,5,5,7,0.10188914208201257,0.10915175666461582,0.10093331568275586,20,34,33,59,68,37,REJECT,Gap screening failed (37.0 < 38)
P10,P23,99,0,False,2025-01-15 10:42:00,176,587,457,517,498,272,376,176,0,5,7,0.09852280694236791,0.11015479255723726,0.11212644665069268,48,123,36,20,72,22,REJECT,Gap screening failed (22.0 < 38)
P10,P23,99,0,False,2025-01-15 09:33:00,184,620,364,130,363,50,439,222,0,8,5,0.10458711251550247,0.10663133919426342,0.10847171093912505,20,43,34,28,67,39,REJECT,Mechanical screening failed (28.0 < 62)
P10,P23,99,0,False,2025-01-15 09:43:00,142,596,337,175,647,103,680,907,0,0,9,0.10289925873369736,0.11163227785439847,0.11555228193506319,55,54,36,13,69,90,REJECT,Mechanical screening failed (13.0 < 62)
P10,P23,99,0,False,2025-01-15 09:35:00,117,619,432,206,332,329,337,410,8,5,5,0.09402446463016939,0.102756897384955,0.10887916322356306,29,87,34,26,70,28,REJECT,Gap screening failed (28.0 < 38)
P10,P30,99,0,False,2025-01-15 10:52:00,167,546,201,234,659,474,488,100,8,6,5,0.1440658138094354,0.14782750482818816,0.1478503164147583,102,90,34,33,60,30,REJECT,Gap screening failed (30.0 < 38)
P10,P30,99,0,False,2025-01-15 10:16:00,70,694,213,322,560,460,759,256,8,6,0,0.1439393383440198,0.14899581017252575,0.1590410342660359,138,41,31,16,58,23,REJECT,Gap screening failed (23.0 < 38)
P10,P30,99,0,False,2025-01-15 10:29:00,117,593,244,50,299,795,531,320,4,6,5,0.1479311353604,0.14962890809753607,0.14572551150479443,20,57,37,24,61,24,REJECT,Gap screening failed (24.0 < 38)
P10,P30,99,0,False,2025-01-15 10:52:00,108,605,335,439,434,221,577,421,8,6,5,0.1426587744213264,0.15510751060535716,0.1425222596034241,61,20,35,22,61,45,REJECT,Mechanical screening failed (22.0 < 62)
P10,P30,99,0,False,2025-01-15 09:35:00,164,672,165,193,554,153,546,234,8,1,2,0.1482159448868191,0.17326401691023274,0.15125583840958895,68,32,40,24,59,68,REJECT,Mechanical screening failed (24.0 < 62)
P30,,1,1,True,2025-01-15 09:03:00,181,661,238,181,397,232,584,298,8,6,5,0.06195662302812566,0.0910535676782331,0.07402415731757828,51,56,38,45,75,52,REJECT,Mechanical screening failed (45.0 < 62)
P30,,1,2,True,2025-01-15 09:06:00,140,565,190,237,306,315,421,427,8,6,5,0.05820275800610047,0.08329736542665678,0.06704332062782524,63,67,29,54,82,53,REJECT,Mechanical screening failed (54.0 < 62)
P30,,1,3,True,2025-01-15 09:09:00,141,628,221,245,404,202,444,313,8,6,5,0.0715293991893106,0.0849378729439531,0.06447660816330866,80,60,32,74,75,65,ACCEPT,Accepted (score=70.6)
P30,,1,4,True,2025-01-15 09:12:00,123,645,209,352,438,355,526,514,8,6,5,0.052593500393458684,0.08309844739663567,0.06938326816547831,56,49,30,37,79,69,REJECT,Mechanical screening failed (37.0 < 62)
P30,,1,5,True,2025-01-15 09:15:00,139,601,245,209,302,338,545,292,8,6,5,0.061065378044981675,0.08928444309321777,0.07279362103322931,67,39,41,62,79,81,ACCEPT,Accepted (score=72.2)
P30,,1,6,True,2025-01-15 09:18:00,127,643,263,289,403,314,336,134,8,6,5,0.07749457148394001,0.0834419766743913,0.0710555938966959,49,57,29,35,76,48,REJECT,Mechanical screening failed (35.0 < 62)
P30,,2,1,True,2025-01-17 09:03:00,157,633,184,276,441,374,501,224,8,6,5,0.05644648639578086,0.08120069940317659,0.06560444389205083,56,56,32,46,79,58,REJECT,Mechanical screening failed (46.0 < 62)
P30,,2,2,True,2025-01-17 09:06:00,128,636,213,231,483,164,601,234,8,6,5,0.0664621685384098,0.08272753410287983,0.07704842045708411,75,0,29,26,78,27,REJECT,Gap screening failed (27.0 < 38)
P30,,2,3,True,2025-01-17 09:09:00,116,636,255,271,356,345,526,249,8,6,5,0.07575697573635144,0.08199342424264758,0.07813639064775536,97,35,36,53,78,42,REJECT,Mechanical screening failed (53.0 < 62)
P30,,2,4,True,2025-01-17 09:12:00,137,625,210,179,485,324,476,332,8,6,5,0.04965256847597692,0.08159540898838157,0.06585804900076102,57,45,23,68,83,75,ACCEPT,Accepted (score=73.0)
P30,,2,5,True,2025-01-17 09:15:00,145,583,210,246,440,404,461,240,8,6,5,0.06153895591459039,0.08787718815504537,0.07166397005414855,69,72,43,57,74,54,REJECT,Mechanical screening failed (57.0 < 62)
P30,,2,6,True,2025-01-17 09:18:00,151,624,199,278,405,211,574,343,8,6,5,0.05447920904767662,0.0829308168675062,0.0673620001601048,66,45,30,55,84,93,REJECT,Mechanical screening failed (55.0 < 62)
P30,,3,1,True,2025-01-21 09:03:00,136,627,215,188,479,341,513,216,8,6,5,0.060143028060013086,0.08581787319471194,0.0697792812636138,90,49,38,57,80,63,REJECT,Mechanical screening failed (57.0 < 62)
P30,,3,2,True,2025-01-21 09:06:00,164,612,214,59,330,305,491,313,8,6,5,0.06216419626434923,0.08335464725649451,0.06505805793725622,38,20,33,61,78,40,REJECT,Mechanical screening failed (61.0 < 62)
P30,,3,3,True,2025-01-21 09:09:00,169,557,204,227,381,310,548,451,8,6,5,0.05677700972917309,0.07447015530767796,0.06722734724847887,54,20,30,52,76,41,REJECT,Mechanical screening failed (52.0 < 62)
P30,,3,4,True,2025-01-21 09:12:00,118,596,193,229,382,239,456,333,8,6,5,0.05234235972516733,0.07743239600400907,0.059654352794076486,58,63,28,75,80,52,ACCEPT,Accepted (score=66.5)
P30,,3,5,True,2025-01-21 09:15:00,126,606,213,207,438,280,465,426,8,6,5,0.05149063182335634,0.07884515256137194,0.06260092567836154,45,61,25,70,80,40,REJECT,Weighted check failed (score=59.5 < 60)
P30,,3,6,True,2025-01-21 09:18:00,140,597,228,266,344,370,571,197,8,6,5,0.057227522231736785,0.08233097040888464,0.06954641471193868,48,64,32,42,80,40,REJECT,Mechanical screening failed (42.0 < 62)
P30,,4,1,True,2025-01-28 09:03:00,131,617,205,190,335,306,575,250,8,6,5,0.05385153793601933,0.08099513134949275,0.06512721921830693,51,31,29,57,84,59,REJECT,Mechanical screening failed (57.0 < 62)
P30,,4,2,True,2025-01-28 09:06:00,172,605,230,270,338,401,590,369,8,6,5,0.06047754845135992,0.08005058141906454,0.06748912283218142,91,67,35,47,75,52,REJECT,Mechanical screening failed (47.0 < 62)
P30,,4,3,True,2025-01-28 09:09:00,126,666,207,282,522,289,524,270,8,6,5,0.06144411175261275,0.0858715965282802,0.06887814143279697,97,59,35,52,79,54,REJECT,Mechanical screening failed (52.0 < 62)
P30,,4,4,True,2025-01-28 09:12:00,127,624,222,251,316,392,341,324,8,6,5,0.052407672027807384,0.08119441360809704,0.07062085293536424,100,68,31,47,76,50,REJECT,Mechanical screening failed (47.0 < 62)
P30,,4,5,True,2025-01-28 09:15:00,143,631,188,290,300,263,515,377,8,6,5,0.07291660122333317,0.08282636298737493,0.06626379381349196,53,31,39,54,76,59,REJECT,Mechanical screening failed (54.0 < 62)
P30,,4,6,True,2025-01-28 09:18:00,142,574,219,150,489,309,526,383,8,6,5,0.0917017620483715,0.08435776315124992,0.06587814274810329,57,37,31,57,75,73,REJECT,Mechanical screening failed (57.0 < 62)
P30,,5,1,True,2025-02-04 09:03:00,131,655,207,218,241,214,471,414,8,6,5,0.04996402323330733,0.07964827616543169,0.06726835604808422,70,39,30,54,82,81,REJECT,Mechanical screening failed (54.0 < 62)
P30,,5,2,True,2025-02-04 09:06:00,144,605,219,131,267,334,513,321,8,6,5,0.05322740271260342,0.08999516818253361,0.07109531054273499,72,36,31,55,81,72,REJECT,Mechanical screening failed (55.0 < 62)
P30,,5,3,True,2025-02-04 09:09:00,146,580,222,105,415,400,670,368,8,6,5,0.06325715050915183,0.0828985554974301,0.06979894383657265,40,50,32,38,79,45,REJECT,Mechanical screening failed (38.0 < 62)
P30,,5,4,True,2025-02-04 09:12:00,160,576,224,225,330,284,555,413,8,6,5,0.060214354606107225,0.08181246572168337,0.06778671055308982,55,50,30,62,80,65,ACCEPT,Accepted (score=65.9)
P30,,5,5,True,2025-02-04 09:15:00,112,630,248,310,469,302,486,284,8,6,5,0.0793503078279541,0.08610024268213178,0.07168600352851065,66,41,36,57,77,85,REJECT,Mechanical screening failed (57.0 < 62)
P30,,5,6,True,2025-02-04 09:18:00,129,582,227,280,430,386,450,382,8,6,5,0.061889364808599016,0.0775176477132435,0.07137556007565733,71,58,33,59,78,73,REJECT,Mechanical screening failed (59.0 < 62)
P30,P23,99,0,False,2025-01-15 10:11:00,163,597,389,50,404,261,543,320,0,9,9,0.08645819792904857,0.09510527194968203,0.10694281336228492,23,41,23,66,68,42,REJECT,Weighted check failed (score=56.7 < 60)
P30,P23,99,0,False,2025-01-15 09:01:00,132,598,327,78,649,211,522,213,0,6,2,0.0874474479290704,0.09460626873972304,0.09588453153441216,35,71,33,20,74,44,REJECT,Mechanical screening failed (20.0 < 62)
P30,P23,99,0,False,2025-01-15 10:06:00,152,577,463,75,622,50,490,394,0,8,7,0.0872976953096515,0.09613550731339736,0.09646941252155843,20,41,33,15,71,38,REJECT,Mechanical screening failed (15.0 < 62)
P30,P23,99,0,False,2025-01-15 09:24:00,142,541,358,132,322,426,568,331,3,5,7,0.08834417494888801,0.09284127411607858,0.09056926628862304,20,72,32,25,69,30,REJECT,Gap screening failed (30.0 < 38)
P30,P23,99,0,False,2025-01-15 09:10:00,155,573,396,134,507,74,788,204,0,5,7,0.0886327750712773,0.09236530615872732,0.09992632881823359,58,20,35,16,73,36,REJECT,Gap screening failed (36.0 < 38)
P30,P12,99,0,False,2025-01-15 09:30:00,166,542,231,91,493,293,696,500,2,5,5,0.1737847900000571,0.17351927018621377,0.16987023673367097,20,61,28,47,55,20,REJECT,Gap screening failed (20.0 < 38)
P30,P12,99,0,False,2025-01-15 10:32:00,197,434,261,50,608,192,343,610,4,0,3,0.16537646794390037,0.16925384420257034,0.1646336683404648,93,52,38,14,57,41,REJECT,Mechanical screening failed (14.0 < 62)
P30,P12,99,0,False,2025-01-15 09:52:00,200,489,214,179,320,435,309,443,5,4,6,0.1700300435393443,0.16429756511611815,0.16149031924431112,30,40,41,21,55,27,REJECT,Gap screening failed (27.0 < 38)
P30,P12,99,0,False,2025-01-15 10:02:00,139,544,239,52,421,333,599,470,9,9,6,0.1715597179915078,0.16640307340350985,0.16700955130309972,61,86,36,47,55,58,REJECT,Mechanical screening failed (47.0 < 62)
P30,P12,99,0,False,2025-01-15 10:11:00,201,585,294,50,560,200,584,394,8,2,8,0.1714237661345428,0.16835048558451948,0.16225415526671233,103,60,29,20,56,40,REJECT,Mechanical screening failed (20.0 < 62)
P30,P04,99,0,False,2025-01-15 10:37:00,67,621,261,292,710,214,549,351,6,6,6,0.15843791473424423,0.1536961290910649,0.149986548221434,22,37,22,19,57,52,REJECT,Mechanical screening failed (19.0 < 62)
P30,P04,99,0,False,2025-01-15 09:30:00,118,590,293,155,528,307,438,460,9,8,0,0.15938489966947603,0.15339727153371419,0.1464730484588344,69,28,21,47,58,30,REJECT,Gap screening failed (30.0 < 38)
P30,P04,99,0,False,2025-01-15 10:28:00,31,597,227,182,557,264,378,263,4,6,5,0.19435595753276017,0.15868823500489518,0.14998465890984775,20,81,5,30,56,30,REJECT,Gap screening failed (30.0 < 38)
P30,P04,99,0,False,2025-01-15 10:00:00,176,613,310,268,551,618,369,624,2,0,0,0.16026548736910837,0.1574810865479345,0.14851729765240662,54,0,13,13,60,21,REJECT,Gap screening failed (21.0 < 38)
P30,P04,99,0,False,2025-01-15 10:22:00,137,621,216,171,698,240,318,224,4,9,9,0.16366417344416706,0.15288160757241062,0.14385124071161456,70,20,13,24,58,24,REJECT,Gap screening failed (24.0 < 38)
P17,,1,1,True,2025-01-15 09:03:00,233,644,296,122,471,182,580,242,4,2,5,0.06471896459037475,0.06930997270794602,0.06325623223327025,68,85,23,35,78,33,REJECT,Gap screening failed (33.0 < 38)
P17,,1,2,True,2025-01-15 09:06:00,137,672,275,212,536,159,481,100,4,2,5,0.05933343564886318,0.07562421591258775,0.0762430674232101,33,116,31,28,79,47,REJECT,Mechanical screening failed (28.0 < 62)
P17,,1,3,True,2025-01-15 09:09:00,172,608,293,218,236,289,484,400,4,2,5,0.056552392462366825,0.07161380851516434,0.05981196816227488,20,72,27,55,77,77,REJECT,Mechanical screening failed (55.0 < 62)
P17,,1,4,True,2025-01-15 09:12:00,164,617,326,289,360,400,554,488,4,2,5,0.05694977208236065,0.06383591151590208,0.08411330173404218,21,85,22,26,80,70,REJECT,Mechanical screening failed (26.0 < 62)
P17,,1,5,True,2025-01-15 09:15:00,190,603,313,153,420,152,550,315,4,2,5,0.06327739692234059,0.06916151152688452,0.06167210271427046,20,55,23,59,78,66,REJECT,Mechanical screening failed (59.0 < 62)
P17,,1,6,True,2025-01-15 09:18:00,179,599,355,50,498,270,611,294,4,2,5,0.0748029635063155,0.07173901617449102,0.06352627291564927,33,74,28,32,78,81,REJECT,Mechanical screening failed (32.0 < 62)
P17,,2,1,True,2025-01-17 09:03:00,208,607,342,86,501,133,541,251,4,2,5,0.05725348402380899,0.06999798980907897,0.0533073958534149,33,111,17,27,82,52,REJECT,Mechanical screening failed (27.0 < 62)
P17,,2,2,True,2025-01-17 09:06:00,165,683,308,152,329,292,557,243,4,2,5,0.062123416675418645,0.06995175002601921,0.09295945330564817,20,80,23,58,77,75,REJECT,Mechanical screening failed (58.0 < 62)
P17,,2,3,True,2025-01-17 09:09:00,206,614,278,105,465,213,517,270,4,2,5,0.05452422930452075,0.06207258321766346,0.058034102975388566,56,97,18,50,82,38,REJECT,Mechanical screening failed (50.0 < 62)
P17,,2,4,True,2025-01-17 09:12:00,184,643,316,189,540,154,452,264,4,2,5,0.06039040801144481,0.06767116098687971,0.06136234328666936,0,85,23,46,80,39,REJECT,Mechanical screening failed (46.0 < 62)
P17,,2,5,True,2025-01-17 09:15:00,213,613,303,276,446,284,596,349,4,2,5,0.059125627195997246,0.06533968623867731,0.06287355087732027,39,41,27,59,81,33,REJECT,Gap screening failed (33.0 < 38)
P17,,2,6,True,2025-01-17 09:18:00,129,632,325,143,455,269,516,438,4,2,5,0.05907621138834847,0.07331180474478195,0.06413536227145554,36,100,30,61,77,63,REJECT,Mechanical screening failed (61.0 < 62)
P17,,3,1,True,2025-01-21 09:03:00,149,640,293,54,290,220,581,399,4,2,5,0.05575038371595454,0.07129326344280658,0.059952683520011936,56,91,28,49,81,40,REJECT,Mechanical screening failed (49.0 < 62)
P17,,3,2,True,2025-01-21 09:06:00,145,666,316,120,488,298,405,418,4,2,5,0.05665491897285375,0.07623127006590893,0.06881829916466387,24,61,31,48,78,73,REJECT,Mechanical screening failed (48.0 < 62)
P17,,3,3,True,2025-01-21 09:09:00,191,609,304,143,227,297,506,220,4,2,5,0.06738094347041008,0.06854756301577669,0.06333597894710814,20,86,34,58,81,67,REJECT,Mechanical screening failed (58.0 < 62)
P17,,3,4,True,2025-01-21 09:12:00,177,626,286,243,223,304,385,354,4,2,5,0.05448208170719221,0.07096633385599012,0.07854682267289752,20,76,27,35,80,81,REJECT,Mechanical screening failed (35.0 < 62)
P17,,3,5,True,2025-01-21 09:15:00,174,652,287,86,389,363,391,343,4,2,5,0.05763582185672121,0.0709548954066991,0.059869868197576386,39,74,24,48,77,69,REJECT,Mechanical screening failed (48.0 < 62)
P17,,3,6,True,2025-01-21 09:18:00,184,642,313,183,534,267,474,100,4,2,5,0.08014681052576884,0.06922455890402357,0.062460551690475714,28,91,30,61,79,74,REJECT,Mechanical screening failed (61.0 < 62)
P17,,4,1,True,2025-01-28 09:03:00,134,654,307,50,430,256,432,325,4,2,5,0.05924152145533629,0.074005929760116,0.05948484062217846,27,57,24,61,78,66,REJECT,Mechanical screening failed (61.0 < 62)
P17,,4,2,True,2025-01-28 09:06:00,196,651,293,109,354,304,514,465,4,2,5,0.06545650350111784,0.06776870144432517,0.059221978410030116,28,65,26,57,79,77,REJECT,Mechanical screening failed (57.0 < 62)
P17,,4,3,True,2025-01-28 09:09:00,197,604,318,177,379,327,397,397,4,2,5,0.05494704487271465,0.07190756633906625,0.05672496028058411,21,34,24,54,84,38,REJECT,Mechanical screening failed (54.0 < 62)
P17,,4,4,True,2025-01-28 09:12:00,211,647,329,99,260,116,579,410,4,2,5,0.0679072316368759,0.06919682542161365,0.07718417777154911,20,124,21,32,78,34,REJECT,Gap screening failed (34.0 < 38)
P17,,4,5,True,2025-01-28 09:15:00,167,626,287,50,248,417,543,397,4,2,5,0.058628889267596934,0.06633272022954392,0.07713718689801541,20,77,16,25,81,79,REJECT,Mechanical screening failed (25.0 < 62)
P17,,4,6,True,2025-01-28 09:18:00,184,655,305,182,378,369,591,336,4,2,5,0.05820614216693967,0.07528043949412426,0.057372404362099796,23,61,28,54,80,74,REJECT,Mechanical screening failed (54.0 < 62)
P17,,5,1,True,2025-02-04 09:03:00,159,635,318,129,439,321,633,419,4,2,5,0.05655832748273211,0.06914009204328914,0.059367512679661796,29,58,25,54,80,64,REJECT,Mechanical screening failed (54.0 < 62)
P17,,5,2,True,2025-02-04 09:06:00,153,657,316,149,341,299,500,384,4,2,5,0.062277891782040386,0.0674568464057854,0.057493548973599484,20,93,30,74,82,59,ACCEPT,Accepted (score=69.2)
P17,,5,3,True,2025-02-04 09:09:00,175,642,294,158,325,220,644,483,4,2,5,0.05721925197498572,0.0719122162905578,0.06316333739886654,43,88,25,48,83,57,REJECT,Mechanical screening failed (48.0 < 62)
P17,,5,4,True,2025-02-04 09:12:00,192,638,310,107,353,353,523,340,4,2,5,0.0682011809067113,0.07314257970838055,0.07733886113209547,37,101,31,64,75,61,ACCEPT,Accepted (score=64.5)
P17,,5,5,True,2025-02-04 09:15:00,153,605,325,191,374,91,505,203,4,2,5,0.05183382299639683,0.0658468598232663,0.050911162930966904,44,91,18,36,80,54,REJECT,Mechanical screening failed (36.0 < 62)
P17,,5,6,True,2025-02-04 09:18:00,189,664,293,224,391,324,513,480,4,2,5,0.055329392142398445,0.07040695563746642,0.059347670959491075,53,45,20,50,82,26,REJECT,Gap screening failed (26.0 < 38)
P17,P30,99,0,False,2025-01-15 10:31:00,249,631,315,50,454,142,587,371,8,6,1,0.16199970315256054,0.1680753516823176,0.14936050785844476,51,88,30,21,57,26,REJECT,Gap screening failed (26.0 < 38)
P17,P30,99,0,False,2025-01-15 10:02:00,129,566,180,439,559,495,502,402,0,6,5,0.1179908823286311,0.16040176066000145,0.16442608746426687,20,20,34,21,61,27,REJECT,Gap screening failed (27.0 < 38)
P17,P30,99,0,False,2025-01-15 09:57:00,54,603,258,261,533,213,803,159,8,6,5,0.1243110174679225,0.11909293976101278,0.16870684960952556,32,84,34,19,64,18,REJECT,Gap screening failed (18.0 < 38)
P17,P30,99,0,False,2025-01-15 10:41:00,195,599,219,273,436,236,412,328,8,6,6,0.15569776921356798,0.15638549666310256,0.15396524467553224,62,20,25,58,59,45,REJECT,Mechanical screening failed (58.0 < 62)
P17,P30,99,0,False,2025-01-15 09:02:00,180,615,242,173,463,289,139,367,7,6,5,0.1664927375666157,0.1704198984287516,0.13398517891287665,20,20,30,45,56,27,REJECT,Gap screening failed (27.0 < 38)
P17,P39,99,0,False,2025-01-15 09:11:00,103,741,198,126,481,563,574,100,0,2,1,0.11118660112481568,0.11901277270174161,0.09940435259042284,108,88,24,23,69,34,REJECT,Gap screening failed (34.0 < 38)
P17,P39,99,0,False,2025-01-15 09:37:00,139,671,237,269,488,354,401,538,3,8,2,0.10345893784535676,0.12027988836184783,0.10014522220500767,129,20,21,42,70,14,REJECT,Gap screening failed (14.0 < 38)
P17,P39,99,0,False,2025-01-15 09:28:00,175,746,178,145,434,417,618,268,3,0,2,0.1079715524830778,0.12420079160463589,0.11187151711941977,56,63,24,41,72,55,REJECT,Mechanical screening failed (41.0 < 62)
P17,P39,99,0,False,2025-01-15 09:51:00,97,686,250,238,585,410,666,207,5,6,6,0.10081614908526118,0.10821865147184365,0.09930875535021427,61,20,27,38,73,44,REJECT,Mechanical screening failed (38.0 < 62)
P17,P39,99,0,False,2025-01-15 10:28:00,75,702,253,50,645,175,862,100,3,0,6,0.10438813335870535,0.11991856374529537,0.0939047318887572,67,54,26,9,71,85,REJECT,Mechanical screening failed (9.0 < 62)
P17,P19,99,0,False,2025-01-15 09:31:00,13,606,235,412,240,430,372,409,4,2,4,0.25234494532753216,0.24137911314551996,0.24790248160958994,28,36,25,9,42,53,REJECT,Mechanical screening failed (9.0 < 62)
P17,P19,99,0,False,2025-01-15 09:39:00,178,618,265,50,339,142,663,440,2,8,7,0.23598778539857584,0.2493223729052201,0.24911646890062197,29,62,19,22,45,97,REJECT,Mechanical screening failed (22.0 < 62)
P17,P19,99,0,False,2025-01-15 10:24:00,117,619,239,249,317,416,670,100,2,2,1,0.24129012100244535,0.2508974503487929,0.24473559347610535,20,50,19,23,45,70,REJECT,Mechanical screening failed (23.0 < 62)
P17,P19,99,0,False,2025-01-15 10:14:00,160,524,236,312,298,246,657,147,7,6,4,0.2390370023769708,0.24734585157215433,0.24791627557513105,66,39,24,35,43,24,REJECT,Gap screening failed (24.0 < 38)
P17,P19,99,0,False,2025-01-15 09:47:00,151,606,310,232,648,202,313,192,4,6,3,0.2354117515976134,0.2375280919203778,0.24635209478974832,72,43,25,25,44,23,REJECT,Gap screening failed (23.0 < 38)
P32,,1,1,True,2025-01-15 09:03:00,77,631,418,161,471,256,429,412,5,2,1,0.0527695838605357,0.0735507801414723,0.09579156282809963,65,65,29,55,78,31,REJECT,Gap screening failed (31.0 < 38)
P32,,1,2,True,2025-01-15 09:06:00,96,578,408,83,446,426,484,325,5,2,1,0.03574131843129706,0.07013476437917877,0.07470985138023156,73,20,24,63,84,37,REJECT,Gap screening failed (37.0 < 38)
P32,,1,3,True,2025-01-15 09:09:00,87,527,391,114,401,399,522,241,5,2,1,0.06796761753938793,0.06866142169831999,0.07873957517923193,20,36,21,52,77,47,REJECT,Mechanical screening failed (52.0 < 62)
P32,,1,4,True,2025-01-15 09:12:00,73,598,426,84,357,254,491,300,5,2,1,0.02915805287959546,0.06862802617742043,0.08355027163547489,25,24,14,62,81,72,ACCEPT,Accepted (score=68.9)
P32,,1,5,True,2025-01-15 09:15:00,75,542,389,251,594,306,404,230,5,2,1,0.04540020905558198,0.07266060999448568,0.05346967298218579,38,20,16,50,81,80,REJECT,Mechanical screening failed (50.0 < 62)
P32,,1,6,True,2025-01-15 09:18:00,74,540,385,127,477,159,416,208,5,2,1,0.0591973072540794,0.06958896673417066,0.08570025282550536,33,20,28,40,80,83,REJECT,Mechanical screening failed (40.0 < 62)
P32,,2,1,True,2025-01-17 09:03:00,102,590,389,352,388,325,528,251,5,2,1,0.06405939205166636,0.07921721894949556,0.0811875493305655,20,20,21,52,78,61,REJECT,Mechanical screening failed (52.0 < 62)
P32,,2,2,True,2025-01-17 09:06:00,80,565,382,188,520,387,654,281,5,2,1,0.0791116041869321,0.07312549443050557,0.08530574092368413,26,43,19,44,74,47,REJECT,Mechanical screening failed (44.0 < 62)
P32,,2,3,True,2025-01-17 09:09:00,76,571,371,195,390,391,443,346,5,2,1,0.035019700311134036,0.06797056821205326,0.05226576325077847,21,42,24,61,85,42,REJECT,Mechanical screening failed (61.0 < 62)
P32,,2,4,True,2025-01-17 09:12:00,109,583,406,64,310,85,508,226,5,2,1,0.059605012230111235,0.06959298435012685,0.061280455355794676,20,20,16,26,79,61,REJECT,Mechanical screening failed (26.0 < 62)
P32,,2,5,True,2025-01-17 09:15:00,122,521,383,212,446,247,564,360,5,2,1,0.04036927873594275,0.09491300161038416,0.06130867647771288,20,20,22,48,79,61,REJECT,Mechanical screening failed (48.0 < 62)
P32,,2,6,True,2025-01-17 09:18:00,100,540,398,130,614,424,441,244,5,2,1,0.06320244741139837,0.06283925050809712,0.10827881473616824,25,25,20,43,78,72,REJECT,Mechanical screening failed (43.0 < 62)
P32,,3,1,True,2025-01-21 09:03:00,113,573,399,239,307,438,504,190,5,2,1,0.04178254962908734,0.07029730962330645,0.06989261810854669,54,20,26,27,82,55,REJECT,Mechanical screening failed (27.0 < 62)
P32,,3,2,True,2025-01-21 09:06:00,92,540,406,92,482,286,581,329,5,2,1,0.04377417996682972,0.06462035406420008,0.08143382954842453,20,20,17,63,81,61,ACCEPT,Accepted (score=64.9)
P32,,3,3,True,2025-01-21 09:09:00,82,583,402,50,638,247,498,323,5,2,1,0.07210052217980266,0.07774614931186162,0.07955962646050403,66,53,12,45,75,42,REJECT,Mechanical screening failed (45.0 < 62)
P32,,3,4,True,2025-01-21 09:12:00,138,535,382,71,313,222,435,310,5,2,1,0.05516794591648946,0.06721692485866176,0.08020312239916695,70,62,21,36,80,33,REJECT,Gap screening failed (33.0 < 38)
P32,,3,5,True,2025-01-21 09:15:00,100,559,409,314,360,146,502,484,5,2,1,0.04555533918370404,0.06985638220425322,0.06497756495879277,58,38,22,18,82,59,REJECT,Mechanical screening failed (18.0 < 62)
P32,,3,6,True,2025-01-21 09:18:00,100,591,352,58,458,276,501,395,5,2,1,0.03586477932352046,0.0777368822330696,0.10154031118520292,20,25,19,45,80,62,REJECT,Mechanical screening failed (45.0 < 62)
P32,,4,1,True,2025-01-28 09:03:00,65,561,389,54,444,348,450,381,5,2,1,0.034634364844278565,0.06799170001247218,0.06887959797087112,31,28,22,58,83,78,REJECT,Mechanical screening failed (58.0 < 62)
P32,,4,2,True,2025-01-28 09:06:00,81,575,409,75,353,366,515,357,5,2,1,0.06713508918530232,0.07377637462027277,0.06734481209597581,38,39,16,57,75,65,REJECT,Mechanical screening failed (57.0 < 62)
P32,,4,3,True,2025-01-28 09:09:00,65,552,398,139,452,437,399,300,5,2,1,0.1101504762331313,0.09483439092766756,0.07702847553476377,29,20,20,54,75,83,REJECT,Mechanical screening failed (54.0 < 62)
P32,,4,4,True,2025-01-28 09:12:00,56,566,424,142,454,220,457,348,5,2,1,0.04797357106776148,0.07200242664019349,0.08605612846131427,56,20,27,66,77,53,ACCEPT,Accepted (score=62.5)
P32,,4,5,True,2025-01-28 09:15:00,79,519,395,158,388,417,491,355,5,2,1,0.03961676171824572,0.0671282637430733,0.0668935988384743,20,20,22,55,80,61,REJECT,Mechanical screening failed (55.0 < 62)
P32,,4,6,True,2025-01-28 09:18:00,103,551,364,50,474,268,444,288,5,2,1,0.039693776824722415,0.06656083251451209,0.05379264888318715,20,20,22,57,87,61,REJECT,Mechanical screening failed (57.0 < 62)
P32,,5,1,True,2025-02-04 09:03:00,63,581,389,77,394,171,227,258,5,2,1,0.04300719743561222,0.0640369841847417,0.08276231534685644,42,20,16,35,79,72,REJECT,Mechanical screening failed (35.0 < 62)
P32,,5,2,True,2025-02-04 09:06:00,72,545,426,50,285,297,593,272,5,2,1,0.04348532761308755,0.08332243251519542,0.11280142374336832,47,20,27,39,77,64,REJECT,Mechanical screening failed (39.0 < 62)
P32,,5,3,True,2025-02-04 09:09:00,74,557,386,50,338,426,557,118,5,2,1,0.0697069959595807,0.08002104011351657,0.08528350303622806,50,20,21,23,75,60,REJECT,Mechanical screening failed (23.0 < 62)
P32,,5,4,True,2025-02-04 09:12:00,103,559,412,229,483,421,414,307,5,2,1,0.030807285938249027,0.07016364223532978,0.12039795462389619,30,34,13,51,81,65,REJECT,Mechanical screening failed (51.0 < 62)
P32,,5,5,True,2025-02-04 09:15:00,68,591,407,132,444,153,435,310,5,2,1,0.08158526623388174,0.07437945726003285,0.07842090643742847,43,20,20,59,76,70,REJECT,Mechanical screening failed (59.0 < 62)
P32,,5,6,True,2025-02-04 09:18:00,77,542,371,118,430,303,607,489,5,2,1,0.03292455730559806,0.0696158778861469,0.08102934945769472,35,20,17,45,81,83,REJECT,Mechanical screening failed (45.0 < 62)
P32,P21,99,0,False,2025-01-15 10:00:00,120,617,383,370,603,326,259,469,7,5,5,0.12453949443872507,0.1428408097310888,0.1422426635002861,20,20,26,33,63,39,REJECT,Mechanical screening failed (33.0 < 62)
P32,P21,99,0,False,2025-01-15 10:10:00,112,701,391,177,400,129,556,633,6,5,5,0.13263046223557948,0.13662124222790753,0.13024349894003245,20,20,11,22,65,39,REJECT,Mechanical screening failed (22.0 < 62)
P32,P21,99,0,False,2025-01-15 10:07:00,124,567,404,168,369,520,546,100,4,3,5,0.13272102278370215,0.13357968422472583,0.14924494474088448,45,90,24,22,63,45,REJECT,Mechanical screening failed (22.0 < 62)
P32,P21,99,0,False,2025-01-15 09:44:00,131,690,352,427,595,289,353,303,5,1,9,0.12143409514248939,0.13949811081079155,0.1509265987030368,20,0,18,23,63,16,REJECT,Gap screening failed (16.0 < 38)
P32,P21,99,0,False,2025-01-15 09:54:00,144,614,341,390,243,379,611,541,4,5,5,0.12162156352112542,0.13158763581088292,0.14942289482343932,20,44,9,16,65,49,REJECT,Mechanical screening failed (16.0 < 62)
P32,P13,99,0,False,2025-01-15 10:35:00,153,682,395,50,443,324,566,522,6,8,6,0.2129763674273824,0.18441635458299144,0.175680080394195,132,60,21,36,51,25,REJECT,Gap screening failed (25.0 < 38)
P32,P13,99,0,False,2025-01-15 10:10:00,184,714,447,281,435,435,539,583,6,2,9,0.17483525396810512,0.18449513430478132,0.20840075327595603,68,86,24,17,51,61,REJECT,Mechanical screening failed (17.0 < 62)
P32,P13,99,0,False,2025-01-15 09:42:00,179,668,376,258,309,202,280,504,9,4,2,0.17247331841921443,0.20496230997313636,0.18958818754762713,75,79,18,23,51,82,REJECT,Mechanical screening failed (23.0 < 62)
P32,P13,99,0,False,2025-01-15 09:45:00,170,690,499,50,495,459,525,100,9,3,2,0.18632064621737401,0.2039937706971635,0.18341453980722022,79,34,16,11,52,38,REJECT,Mechanical screening failed (11.0 < 62)
P32,P13,99,0,False,2025-01-15 10:29:00,152,577,396,418,481,388,817,428,2,0,3,0.1997243007865378,0.18197889558518016,0.19692287075759665,56,68,28,24,50,55,REJECT,Mechanical screening failed (24.0 < 62)
P32,P46,99,0,False,2025-01-15 09:58:00,116,590,298,241,586,539,664,296,6,2,2,0.1689192805507064,0.1524070041090208,0.16919128265403657,35,20,25,42,59,27,REJECT,Gap screening failed (27.0 < 38)
P32,P46,99,0,False,2025-01-15 09:34:00,102,534,321,50,565,334,382,617,6,1,8,0.16430980611561544,0.1464710588344131,0.13561269016894875,48,45,36,35,60,62,REJECT,Mechanical screening failed (35.0 < 62)
P32,P46,99,0,False,2025-01-15 09:39:00,153,681,337,212,619,470,565,113,7,1,9,0.1600532889252831,0.1523052134315182,0.1611514418139792,58,66,35,32,55,83,REJECT,Mechanical screening failed (32.0 < 62)
P32,P46,99,0,False,2025-01-15 09:32:00,134,603,326,50,377,265,366,289,4,8,8,0.16410549637485541,0.14618042318031435,0.15848100399594015,66,87,27,33,56,57,REJECT,Mechanical screening failed (33.0 < 62)
P32,P46,99,0,False,2025-01-15 09:29:00,94,509,314,415,498,298,400,371,4,1,8,0.16391030322009753,0.14733963688809315,0.1577042897634108,22,20,41,34,56,30,REJECT,Gap screening failed (30.0 < 38)
P22,,1,1,True,2025-01-15 09:03:00,137,639,319,167,471,211,403,382,3,3,1,0.055711065103792104,0.07217940117166212,0.06680631565297263,34,31,36,60,80,69,REJECT,Mechanical screening failed (60.0 < 62)
P22,,1,2,True,2025-01-15 09:06:00,178,695,340,364,666,142,440,315,3,3,1,0.05030775929840281,0.07740998452355967,0.058019336138589964,35,27,25,33,81,60,REJECT,Mechanical screening failed (33.0 < 62)
P22,,1,3,True,2025-01-15 09:09:00,123,717,352,312,490,215,522,366,3,3,1,0.04711666896501464,0.0705023206697745,0.0570680809731375,24,39,23,65,81,80,ACCEPT,Accepted (score=73.4)
P22,,1,4,True,2025-01-15 09:12:00,129,686,289,275,523,388,457,292,3,3,1,0.049096309658989486,0.09068390038487266,0.0611315824045066,29,25,28,40,80,67,REJECT,Mechanical screening failed (40.0 < 62)
P22,,1,5,True,2025-01-15 09:15:00,141,668,317,292,381,101,379,297,3,3,1,0.050713322919669394,0.0782696203065425,0.06697273356574009,34,39,35,33,79,66,REJECT,Mechanical screening failed (33.0 < 62)
P22,,1,6,True,2025-01-15 09:18:00,131,713,277,204,609,333,484,388,3,3,1,0.05087034734051333,0.07154694614971993,0.06635887094385357,33,20,22,45,81,53,REJECT,Mechanical screening failed (45.0 < 62)
P22,,2,1,True,2025-01-17 09:03:00,138,686,346,305,410,83,363,364,3,3,1,0.05318169079439037,0.07457020229199944,0.06140349307557467,27,39,26,39,80,81,REJECT,Mechanical screening failed (39.0 < 62)
P22,,2,2,True,2025-01-17 09:06:00,96,727,349,133,484,225,458,451,3,3,1,0.052361961357677525,0.07713956160993696,0.06434112304243703,20,27,25,51,81,89,REJECT,Mechanical screening failed (51.0 < 62)
P22,,2,3,True,2025-01-17 09:09:00,169,714,358,50,672,159,588,295,3,3,1,0.05954544645239673,0.07940237603319278,0.06826247766698954,20,26,33,27,79,86,REJECT,Mechanical screening failed (27.0 < 62)
P22,,2,4,True,2025-01-17 09:12:00,167,731,329,265,396,141,586,389,3,3,1,0.055808484703790844,0.07114035206871305,0.06404412505394701,20,27,29,46,84,89,REJECT,Mechanical screening failed (46.0 < 62)
P22,,2,5,True,2025-01-17 09:15:00,156,786,271,50,576,186,351,425,3,3,1,0.04534012998294169,0.07450495732292614,0.06251599552697748,29,29,15,18,79,75,REJECT,Mechanical screening failed (18.0 < 62)
P22,,2,6,True,2025-01-17 09:18:00,116,687,312,179,507,244,583,451,3,3,1,0.05576609057398332,0.07978493291740976,0.08382035392008122,25,29,36,56,79,84,REJECT,Mechanical screening failed (56.0 < 62)
P22,,3,1,True,2025-01-21 09:03:00,140,701,327,192,451,108,358,400,3,3,1,0.047658411051565805,0.07406223162509609,0.06157580509881038,28,28,25,49,81,75,REJECT,Mechanical screening failed (49.0 < 62)
P22,,3,2,True,2025-01-21 09:06:00,123,709,363,147,421,157,392,356,3,3,1,0.06239919022678956,0.07512740707033352,0.06294133497698047,28,33,31,55,78,81,REJECT,Mechanical screening failed (55.0 < 62)
P22,,3,3,True,2025-01-21 09:09:00,164,724,294,211,629,189,452,370,3,3,1,0.05743611100368174,0.0842860382742011,0.06528123174261456,23,20,33,53,79,68,REJECT,Mechanical screening failed (53.0 < 62)
P22,,3,4,True,2025-01-21 09:12:00,126,670,337,160,421,110,577,344,3,3,1,0.049085577390886294,0.0707422914397782,0.06452772496976857,26,42,29,47,82,74,REJECT,Mechanical screening failed (47.0 < 62)
P22,,3,5,True,2025-01-21 09:15:00,162,744,315,175,400,275,456,217,3,3,1,0.04526197193039815,0.07480868991417845,0.0579644217304052,20,27,18,56,81,89,REJECT,Mechanical screening failed (56.0 < 62)
P22,,3,6,True,2025-01-21 09:18:00,121,685,350,279,545,190,523,379,3,3,1,0.05646165661495205,0.07549796784776097,0.0671501009651115,21,20,42,60,80,70,REJECT,Mechanical screening failed (60.0 < 62)
P22,,4,1,True,2025-01-28 09:03:00,185,781,343,276,305,265,548,373,3,3,1,0.04588261259301425,0.07457551495145742,0.06120569491143498,22,42,20,43,81,74,REJECT,Mechanical screening failed (43.0 < 62)
P22,,4,2,True,2025-01-28 09:06:00,140,696,329,183,445,176,565,211,3,3,1,0.05485937382439118,0.07997319262908628,0.0638920085850912,20,41,34,52,80,71,REJECT,Mechanical screening failed (52.0 < 62)
P22,,4,3,True,2025-01-28 09:09:00,175,707,349,204,521,158,395,400,3,3,1,0.05708479080392533,0.07475099817367965,0.06591100652663653,26,21,25,57,77,64,REJECT,Mechanical screening failed (57.0 < 62)
P22,,4,4,True,2025-01-28 09:12:00,145,717,335,204,604,209,429,388,3,3,1,0.05110969688911125,0.07136406576508163,0.05962548728142709,25,24,26,65,85,73,ACCEPT,Accepted (score=71.2)
P22,,4,5,True,2025-01-28 09:15:00,108,687,315,291,363,199,382,467,3,3,1,0.0493687369568912,0.07091575211444974,0.057357411880013094,23,32,25,41,80,96,REJECT,Mechanical screening failed (41.0 < 62)
P22,,4,6,True,2025-01-28 09:18:00,193,676,363,344,478,243,381,214,3,3,1,0.056644648676967384,0.07491623630856323,0.06211652819386933,20,20,29,36,79,70,REJECT,Mechanical screening failed (36.0 < 62)
P22,,5,1,True,2025-02-04 09:03:00,159,676,306,89,371,114,640,396,3,3,1,0.048431672145552045,0.07095615080279126,0.05965521739043155,27,32,26,32,85,84,REJECT,Mechanical screening failed (32.0 < 62)
P22,,5,2,True,2025-02-04 09:06:00,132,690,315,335,376,333,403,454,3,3,1,0.05466684477007066,0.08325312727497382,0.06607562909365709,20,27,36,28,80,89,REJECT,Mechanical screening failed (28.0 < 62)
P22,,5,3,True,2025-02-04 09:09:00,178,693,339,277,512,198,499,483,3,3,1,0.05012007266141529,0.07401136351853387,0.054886749383382,20,36,18,57,78,80,REJECT,Mechanical screening failed (57.0 < 62)
P22,,5,4,True,2025-02-04 09:12:00,153,713,351,236,425,250,413,510,3,3,1,0.05709465386208015,0.0759070684032504,0.069935971707593,27,20,38,53,82,61,REJECT,Mechanical screening failed (53.0 < 62)
P22,,5,5,True,2025-02-04 09:15:00,157,765,315,280,329,137,554,240,3,3,1,0.051504520418788245,0.08058987769326056,0.06257308086137058,20,33,29,33,80,87,REJECT,Mechanical screening failed (33.0 < 62)
P22,,5,6,True,2025-02-04 09:18:00,154,710,317,154,396,235,403,328,3,3,1,0.052464937068912226,0.08101177457433374,0.06150449270907047,20,45,26,67,80,65,ACCEPT,Accepted (score=68.2)
P22,P13,99,0,False,2025-01-15 09:15:00,156,628,418,308,323,212,369,100,4,6,1,0.18337089283441885,0.19826563213561482,0.15166563558032445,87,85,19,28,54,76,REJECT,Mechanical screening failed (28.0 < 62)
P22,P13,99,0,False,2025-01-15 10:32:00,90,668,439,194,449,317,434,100,9,7,1,0.16578704907018213,0.1774013569122762,0.15728742096596854,57,100,21,43,59,36,REJECT,Gap screening failed (36.0 < 38)
P22,P13,99,0,False,2025-01-15 09:24:00,76,643,426,428,573,452,571,555,9,7,1,0.15761648893680652,0.16204258469627508,0.14994477575397006,0,95,26,18,60,10,REJECT,Gap screening failed (10.0 < 38)
P22,P13,99,0,False,2025-01-15 09:40:00,109,681,356,112,594,380,457,100,3,0,7,0.14444244564727515,0.18713885161587046,0.16894808003305295,45,114,24,27,58,20,REJECT,Gap screening failed (20.0 < 38)
P22,P13,99,0,False,2025-01-15 09:15:00,146,709,348,259,625,389,387,239,9,1,1,0.1797067901739859,0.16535267856362204,0.1549908976978069,62,68,21,26,59,63,REJECT,Mechanical screening failed (26.0 < 62)
P22,P27,99,0,False,2025-01-15 10:35:00,125,503,316,205,362,91,547,140,5,3,9,0.13626845291594328,0.13429097199983422,0.11909531209010005,21,58,14,29,66,30,REJECT,Gap screening failed (30.0 < 38)
P22,P27,99,0,False,2025-01-15 10:08:00,146,586,370,207,473,342,354,439,8,7,5,0.15295949806610792,0.14402789333453306,0.11987242875562115,73,20,14,26,63,37,REJECT,Gap screening failed (37.0 < 38)
P22,P27,99,0,False,2025-01-15 10:37:00,187,686,322,297,360,292,547,598,2,3,3,0.1382900319172789,0.14417398144823984,0.12296591940783737,20,20,12,18,63,52,REJECT,Mechanical screening failed (18.0 < 62)
P22,P27,99,0,False,2025-01-15 10:28:00,145,573,365,50,312,379,644,203,4,6,0,0.13793638702422883,0.14150983242303228,0.12197673014483042,50,53,23,16,63,53,REJECT,Mechanical screening failed (16.0 < 62)
P22,P27,99,0,False,2025-01-15 09:23:00,145,622,379,224,304,196,384,239,1,9,6,0.14131193387957516,0.14727299165763066,0.1220913280812688,20,20,9,51,63,52,REJECT,Mechanical screening failed (51.0 < 62)
P22,P34,99,0,False,2025-01-15 09:24:00,85,705,423,348,389,50,626,189,2,4,1,0.3498781423833795,0.35338012058375445,0.3057586354126439,53,20,22,20,32,24,REJECT,Voice screening failed (32.0 < 34)
P22,P34,99,0,False,2025-01-15 09:27:00,174,669,397,83,232,271,504,205,1,9,2,0.34967923096046377,0.3234452857507153,0.28891873129644086,20,36,16,41,34,19,REJECT,Gap screening failed (19.0 < 38)
P22,P34,99,0,False,2025-01-15 10:34:00,91,666,439,50,478,330,755,179,5,0,2,0.3614281582212881,0.36666497321699415,0.28844375719356496,106,64,18,18,31,53,REJECT,Voice screening failed (31.0 < 34)
P22,P34,99,0,False,2025-01-15 10:01:00,217,641,403,50,466,148,586,635,1,0,7,0.34115955079193744,0.34627186836622026,0.30112031427524194,76,62,13,23,35,90,REJECT,Mechanical screening failed (23.0 < 62)
P22,P34,99,0,False,2025-01-15 09:35:00,109,742,378,471,213,118,440,343,5,1,5,0.34663344645945043,0.3534100574167904,0.3036481833467243,31,52,9,18,32,29,REJECT,Voice screening failed (32.0 < 34)
P13,,1,1,True,2025-01-15 09:03:00,138,667,413,50,572,164,356,250,9,7,1,0.0621105572550935,0.08964499670074538,0.07094918881739173,95,92,22,23,77,62,REJECT,Mechanical screening failed (23.0 < 62)
P13,,1,2,True,2025-01-15 09:06:00,113,654,418,125,439,71,315,395,9,7,1,0.049723456394231196,0.07789758684717189,0.07029166389375356,79,69,16,24,77,86,REJECT,Mechanical screening failed (24.0 < 62)
P13,,1,3,True,2025-01-15 09:09:00,113,646,413,187,506,418,491,278,9,7,1,0.05180721610072182,0.08816138184302713,0.06790494901500704,82,48,20,55,81,51,REJECT,Mechanical screening failed (55.0 < 62)
P13,,1,4,True,2025-01-15 09:12:00,110,660,410,326,414,292,595,395,9,7,1,0.05112786676924277,0.08172938962481789,0.06380798324924825,96,93,13,59,80,61,REJECT,Mechanical screening failed (59.0 < 62)
P13,,1,5,True,2025-01-15 09:15:00,93,682,373,223,311,301,407,291,9,7,1,0.04770522071868707,0.08228658506759721,0.06448466989639268,86,95,18,54,80,62,REJECT,Mechanical screening failed (54.0 < 62)
P13,,1,6,True,2025-01-15 09:18:00,109,668,390,50,556,309,558,247,9,7,1,0.05388228492238583,0.090316304343478,0.07216608325083748,71,91,25,41,79,58,REJECT,Mechanical screening failed (41.0 < 62)
P13,,2,1,True,2025-01-17 09:03:00,125,707,411,129,472,272,472,306,9,7,1,0.051162452027599684,0.08861547408699297,0.06684933543861243,70,62,22,70,79,69,ACCEPT,Accepted (score=71.0)
P13,,2,2,True,2025-01-17 09:06:00,93,662,404,161,401,221,269,509,9,7,1,0.06575786941138971,0.08728482195723296,0.06692304294371407,72,67,17,33,79,79,REJECT,Mechanical screening failed (33.0 < 62)
P13,,2,3,True,2025-01-17 09:09:00,119,669,387,257,370,292,420,304,9,7,1,0.053686257987310915,0.08255038186778821,0.06523120046850577,81,76,17,74,78,97,ACCEPT,Accepted (score=83.8)
P13,,2,4,True,2025-01-17 09:12:00,113,698,373,64,428,338,426,438,9,7,1,0.05070620312704642,0.09393536334292407,0.06420320309997063,88,79,21,35,77,81,REJECT,Mechanical screening failed (35.0 < 62)
P13,,2,5,True,2025-01-17 09:15:00,133,646,403,208,512,317,464,413,9,7,1,0.05691450690312856,0.09788167796973715,0.06988863369029369,71,65,20,63,79,75,ACCEPT,Accepted (score=70.2)
P13,,2,6,True,2025-01-17 09:18:00,104,706,382,360,338,195,467,276,9,7,1,0.06039602818469406,0.08905200122929899,0.0712863789198205,90,87,32,37,76,71,REJECT,Mechanical screening failed (37.0 < 62)
P13,,3,1,True,2025-01-21 09:03:00,99,657,401,181,422,50,682,402,9,7,1,0.0485464825422048,0.08098682025871397,0.06843930605369775,82,84,21,27,84,81,REJECT,Mechanical screening failed (27.0 < 62)
P13,,3,2,True,2025-01-21 09:06:00,124,683,344,219,509,101,476,289,9,7,1,0.05494926066239943,0.0865879877548407,0.06977888377697827,80,68,24,47,80,85,REJECT,Mechanical screening failed (47.0 < 62)
P13,,3,3,True,2025-01-21 09:09:00,105,710,406,179,360,314,398,159,9,7,1,0.055267667441911784,0.08211569086238352,0.06981874618215722,89,82,25,51,81,78,REJECT,Mechanical screening failed (51.0 < 62)
P13,,3,4,True,2025-01-21 09:12:00,93,642,426,407,246,381,454,399,9,7,1,0.05877004636898353,0.07909303489809884,0.07298463090334069,65,71,23,21,82,69,REJECT,Mechanical screening failed (21.0 < 62)
P13,,3,5,True,2025-01-21 09:15:00,127,707,429,108,421,345,606,142,9,7,1,0.055911768229647746,0.08903714836765643,0.07041219683971928,90,87,19,30,77,71,REJECT,Mechanical screening failed (30.0 < 62)
P13,,3,6,True,2025-01-21 09:18:00,97,705,396,197,323,258,481,309,9,7,1,0.046604461313578274,0.08221097867606267,0.07247086098306194,71,69,20,75,78,78,ACCEPT,Accepted (score=76.7)
P13,,4,1,True,2025-01-28 09:03:00,97,633,391,50,426,215,722,346,9,7,1,0.05348721393999148,0.08760964585955769,0.0629969392252089,72,66,20,45,78,77,REJECT,Mechanical screening failed (45.0 < 62)
P13,,4,2,True,2025-01-28 09:06:00,131,672,402,234,443,388,426,398,9,7,1,0.05643634877890958,0.08677256521725876,0.0691439229110779,72,78,20,51,77,78,REJECT,Mechanical screening failed (51.0 < 62)
P13,,4,3,True,2025-01-28 09:09:00,116,721,421,246,425,183,388,287,9,7,1,0.05394300960113579,0.08163014392180601,0.0675861838715484,87,61,16,44,82,63,REJECT,Mechanical screening failed (44.0 < 62)
P13,,4,4,True,2025-01-28 09:12:00,98,648,395,388,371,352,406,502,9,7,1,0.04361078310923831,0.08467610362239435,0.0619639053203152,73,52,11,30,83,55,REJECT,Mechanical screening failed (30.0 < 62)
P13,,4,5,True,2025-01-28 09:15:00,101,699,395,295,423,347,439,301,9,7,1,0.05918183912215655,0.08847203811913906,0.06874242496329094,76,60,25,62,81,69,ACCEPT,Accepted (score=67.7)
P13,,4,6,True,2025-01-28 09:18:00,108,692,391,114,492,328,543,388,9,7,1,0.051474552863489856,0.0865002723012764,0.06646507258361019,76,73,18,54,82,90,REJECT,Mechanical screening failed (54.0 < 62)
P13,,5,1,True,2025-02-04 09:03:00,99,619,410,56,337,240,564,100,9,7,1,0.061507941197086094,0.08545006623120951,0.06943886042626946,88,64,21,35,79,66,REJECT,Mechanical screening failed (35.0 < 62)
P13,,5,2,True,2025-02-04 09:06:00,151,667,421,214,404,177,446,100,9,7,1,0.057233162886014204,0.08053103490245044,0.07158116625982214,85,79,27,32,80,87,REJECT,Mechanical screening failed (32.0 < 62)
P13,,5,3,True,2025-02-04 09:09:00,94,640,445,189,404,354,369,347,9,7,1,0.05164338839283178,0.08874881109205156,0.07050779669689289,87,87,26,43,76,73,REJECT,Mechanical screening failed (43.0 < 62)
P13,,5,4,True,2025-02-04 09:12:00,89,663,387,136,328,204,378,221,9,7,1,0.04920520101188882,0.09340096824671038,0.06530391844837423,86,67,18,43,78,73,REJECT,Mechanical screening failed (43.0 < 62)
P13,,5,5,True,2025-02-04 09:15:00,90,640,410,285,485,197,477,310,9,7,1,0.052320055949415384,0.09237470545743255,0.07034857124166678,65,67,19,52,77,68,REJECT,Mechanical screening failed (52.0 < 62)
P13,,5,6,True,2025-02-04 09:18:00,108,695,397,192,539,228,312,593,9,7,1,0.04538880802356361,0.08438770578380367,0.060492616648265086,87,71,12,33,79,79,REJECT,Mechanical screening failed (33.0 < 62)
P13,P30,99,0,False,2025-01-15 10:32:00,162,555,237,156,388,376,599,426,2,9,2,0.1975610973054009,0.2234192844989582,0.21934337649244362,46,37,32,36,50,56,REJECT,Mechanical screening failed (36.0 < 62)
P13,P30,99,0,False,2025-01-15 10:15:00,206,566,154,103,251,323,734,368,4,0,5,0.20302049768591696,0.21872105953813128,0.2093155576159487,76,66,32,18,52,58,REJECT,Mechanical screening failed (18.0 < 62)
P13,P30,99,0,False,2025-01-15 10:37:00,140,577,248,161,430,317,107,328,1,4,5,0.2123824459242452,0.2148564169597781,0.20867098495859557,37,124,27,44,48,9,REJECT,Gap screening failed (9.0 < 38)
P13,P30,99,0,False,2025-01-15 10:07:00,197,533,218,283,482,382,595,100,7,4,6,0.20138842855459038,0.2477594297462733,0.22570341733174937,81,71,36,26,45,50,REJECT,Mechanical screening failed (26.0 < 62)
P13,P30,99,0,False,2025-01-15 10:16:00,157,636,161,141,379,257,661,100,7,5,7,0.20441866745983991,0.24815423250314791,0.22634554120427144,81,34,28,16,45,57,REJECT,Mechanical screening failed (16.0 < 62)
P13,P49,99,0,False,2025-01-15 09:36:00,200,600,340,50,292,246,396,179,3,1,9,0.2322185865410605,0.26803201711116276,0.2261650803766896,36,20,27,30,45,57,REJECT,Mechanical screening failed (30.0 < 62)
P13,P49,99,0,False,2025-01-15 09:12:00,97,667,300,52,464,479,623,239,6,6,4,0.26581824439280616,0.23694001584441798,0.2093814068941155,20,22,27,28,44,51,REJECT,Mechanical screening failed (28.0 < 62)
P13,P49,99,0,False,2025-01-15 10:46:00,99,720,333,415,324,347,525,260,0,0,4,0.19857310743156553,0.2623450416959106,0.20162698560709372,55,65,24,32,49,46,REJECT,Mechanical screening failed (32.0 < 62)
P13,P49,99,0,False,2025-01-15 09:24:00,143,635,296,129,476,432,293,206,2,6,3,0.20828980297823366,0.2525602512063498,0.2593555314440158,21,20,17,29,42,56,REJECT,Mechanical screening failed (29.0 < 62)
P13,P49,99,0,False,2025-01-15 09:37:00,119,608,336,80,544,283,578,182,0,4,4,0.23174851726003748,0.2291025188111089,0.21464908533830454,49,20,27,42,46,52,REJECT,Mechanical screening failed (42.0 < 62)
P13,P34,99,0,False,2025-01-15 09:29:00,91,679,442,85,335,52,689,296,0,3,7,0.2181314705024366,0.24698717389473668,0.15324253501900445,91,36,20,29,51,37,REJECT,Gap screening failed (37.0 < 38)
P13,P34,99,0,False,2025-01-15 09:46:00,92,738,361,222,400,178,376,378,6,8,2,0.22258680750374774,0.2608838594159971,0.1697591838693379,36,42,12,37,49,33,REJECT,Gap screening failed (33.0 < 38)
P13,P34,99,0,False,2025-01-15 09:22:00,163,748,369,362,253,50,453,375,9,5,1,0.24720898867065608,0.25019684209103576,0.16506990789843212,88,45,9,14,46,48,REJECT,Mechanical screening failed (14.0 < 62)
P13,P34,99,0,False,2025-01-15 09:38:00,70,679,429,225,198,50,394,169,8,9,7,0.21657648789369496,0.24206712565124042,0.19595119968210262,101,106,21,14,48,37,REJECT,Gap screening failed (37.0 < 38)
P13,P34,99,0,False,2025-01-15 09:01:00,81,755,328,167,464,267,621,388,0,6,3,0.24412030426982023,0.2753908839442669,0.14733318930855624,63,20,19,26,49,26,REJECT,Gap screening failed (26.0 < 38)
P04,,1,1,True,2025-01-15 09:03:00,120,609,251,119,414,380,453,336,4,6,0,0.03918948107526775,0.05926967817021478,0.05592572625775238,51,25,12,75,85,40,ACCEPT,Accepted (score=62.5)
P04,,1,2,True,2025-01-15 09:06:00,136,560,245,160,423,570,487,396,4,6,0,0.04530528732861614,0.07905401869827942,0.04729594287416019,47,20,21,58,82,39,REJECT,Mechanical screening failed (58.0 < 62)
P04,,1,3,True,2025-01-15 09:09:00,130,641,298,352,465,332,518,306,4,6,0,0.06592740879398384,0.056230538773746175,0.05434994059759194,23,37,12,27,84,54,REJECT,Mechanical screening failed (27.0 < 62)
P04,,1,4,True,2025-01-15 09:12:00,101,563,229,52,498,333,578,294,4,6,0,0.04384056734332862,0.05550718839788738,0.07284750873608199,48,0,18,57,85,23,REJECT,Gap screening failed (23.0 < 38)
P04,,1,5,True,2025-01-15 09:15:00,78,619,223,79,530,308,574,369,4,6,0,0.045599384236493595,0.06060253380930048,0.05765975349500474,20,48,14,45,80,53,REJECT,Mechanical screening failed (45.0 < 62)
P04,,1,6,True,2025-01-15 09:18:00,154,602,250,50,403,345,304,368,4,6,0,0.03950881531580581,0.06142334348129735,0.05033137778826645,69,68,15,54,85,46,REJECT,Mechanical screening failed (54.0 < 62)
P04,,2,1,True,2025-01-17 09:03:00,87,573,233,149,445,293,409,314,4,6,0,0.03792820717477475,0.06098869478871661,0.056979347579062326,50,55,24,67,83,77,ACCEPT,Accepted (score=73.4)
P04,,2,2,True,2025-01-17 09:06:00,124,568,264,141,507,421,540,427,4,6,0,0.03362358369312602,0.061551449335660105,0.06649216637952203,54,79,11,65,82,51,ACCEPT,Accepted (score=62.0)
P04,,2,3,True,2025-01-17 09:09:00,106,523,222,234,407,397,522,512,4,6,0,0.040379277763046166,0.05508834559439965,0.04533021090069199,43,82,13,48,84,49,REJECT,Mechanical screening failed (48.0 < 62)
P04,,2,4,True,2025-01-17 09:12:00,125,641,252,208,615,298,523,257,4,6,0,0.051861359679734785,0.06367265602545626,0.05037967436968164,50,60,20,52,81,75,REJECT,Mechanical screening failed (52.0 < 62)
P04,,2,5,True,2025-01-17 09:15:00,111,548,245,74,483,309,331,325,4,6,0,0.03818773437822812,0.055534621992967464,0.07149492289426272,41,61,15,56,82,79,REJECT,Mechanical screening failed (56.0 < 62)
P04,,2,6,True,2025-01-17 09:18:00,92,606,245,50,467,325,601,389,4,6,0,0.035971300928458336,0.06333653830385823,0.06910425515661651,63,43,18,58,79,48,REJECT,Mechanical screening failed (58.0 < 62)
P04,,3,1,True,2025-01-21 09:03:00,106,594,221,182,425,421,612,271,4,6,0,0.04759504903761782,0.07824580716910735,0.03159102850723224,50,53,6,45,86,78,REJECT,Mechanical screening failed (45.0 < 62)
P04,,3,2,True,2025-01-21 09:06:00,113,587,203,246,438,410,398,300,4,6,0,0.03838434222402249,0.059107761835835146,0.044089846519764574,35,46,17,50,86,82,REJECT,Mechanical screening failed (50.0 < 62)
P04,,3,3,True,2025-01-21 09:09:00,118,526,235,184,425,309,526,363,4,6,0,0.05269744232911151,0.0786053597763252,0.057975588361433954,47,52,27,72,79,85,ACCEPT,Accepted (score=78.2)
P04,,3,4,True,2025-01-21 09:12:00,122,539,240,162,389,514,524,328,4,6,0,0.035591642248127525,0.058033954661824795,0.04659772505855791,44,44,13,52,86,77,REJECT,Mechanical screening failed (52.0 < 62)
P04,,3,5,True,2025-01-21 09:15:00,126,539,214,99,460,335,573,340,4,6,0,0.09268099436081302,0.05580012063579901,0.039070740545170686,76,57,9,63,83,42,REJECT,Weighted check failed (score=57.6 < 60)
P04,,3,6,True,2025-01-21 09:18:00,123,605,246,154,503,254,545,480,4,6,0,0.03852900597470698,0.06308093212697459,0.04233757089047132,32,57,12,51,83,68,REJECT,Mechanical screening failed (51.0 < 62)
P04,,4,1,True,2025-01-28 09:03:00,103,559,256,194,412,338,512,378,4,6,0,0.036066183539815146,0.057525026829101746,0.05353739958289068,51,55,18,81,88,75,ACCEPT,Accepted (score=79.7)
P04,,4,2,True,2025-01-28 09:06:00,107,557,249,221,554,392,563,427,4,6,0,0.037325334024641055,0.05786433958740603,0.07950299795278558,0,32,16,57,85,23,REJECT,Gap screening failed (23.0 < 38)
P04,,4,3,True,2025-01-28 09:09:00,110,562,252,125,513,304,471,533,4,6,0,0.056635555640350964,0.061161207802429014,0.05124070438878466,61,92,14,59,84,39,REJECT,Mechanical screening failed (59.0 < 62)
P04,,4,4,True,2025-01-28 09:12:00,96,590,215,213,489,208,565,246,4,6,0,0.037139693119240466,0.0652771141991426,0.1103642545684043,24,36,10,32,80,56,REJECT,Mechanical screening failed (32.0 < 62)
P04,,4,5,True,2025-01-28 09:15:00,89,615,215,138,549,406,521,418,4,6,0,0.04015895092346774,0.074548405962073,0.07285479948322911,27,23,22,52,81,44,REJECT,Mechanical screening failed (52.0 < 62)
P04,,4,6,True,2025-01-28 09:18:00,135,576,226,305,504,302,484,316,4,6,0,0.03863317204941097,0.06371071907048045,0.0743914249335555,46,63,17,55,83,74,REJECT,Mechanical screening failed (55.0 < 62)
P04,,5,1,True,2025-02-04 09:03:00,135,579,221,298,503,313,500,267,4,6,0,0.04119724063148122,0.09781601251301414,0.07311585886051365,32,81,21,47,77,41,REJECT,Mechanical screening failed (47.0 < 62)
P04,,5,2,True,2025-02-04 09:06:00,112,555,277,86,519,390,503,270,4,6,0,0.029687298152395954,0.06403975601939195,0.03935962638189745,34,43,5,53,85,79,REJECT,Mechanical screening failed (53.0 < 62)
P04,,5,3,True,2025-02-04 09:09:00,128,573,291,130,429,437,563,487,4,6,0,0.039378680066183405,0.058667026566817826,0.05536818653074478,22,51,7,41,79,59,REJECT,Mechanical screening failed (41.0 < 62)
P04,,5,4,True,2025-02-04 09:12:00,114,555,239,103,400,289,394,309,4,6,0,0.03663090706055509,0.05984007014148882,0.05583638204960975,41,38,16,59,86,71,REJECT,Mechanical screening failed (59.0 < 62)
P04,,5,5,True,2025-02-04 09:15:00,107,593,244,192,423,364,488,483,4,6,0,0.03496893078734921,0.05208101427422087,0.04599821856338644,42,56,12,68,86,88,ACCEPT,Accepted (score=78.7)
P04,,5,6,True,2025-02-04 09:18:00,119,597,230,166,399,316,713,400,4,6,0,0.04112014529752289,0.05920419113230997,0.03586696780719483,42,64,12,54,86,73,REJECT,Mechanical screening failed (54.0 < 62)
P04,P19,99,0,False,2025-01-15 10:30:00,129,600,265,307,441,326,553,423,6,6,4,0.28906029438068104,0.2558749201301423,0.250185189434388,54,96,27,45,39,39,REJECT,Mechanical screening failed (45.0 < 62)
P04,P19,99,0,False,2025-01-15 10:08:00,151,535,276,225,257,312,467,213,4,3,6,0.2789892724301343,0.2527910005872412,0.26567785592029747,20,144,29,41,41,17,REJECT,Gap screening failed (17.0 < 38)
P04,P19,99,0,False,2025-01-15 09:16:00,91,634,228,256,328,73,539,383,5,7,3,0.27355343829909207,0.2552872594259195,0.2630777354733224,43,72,24,25,40,60,REJECT,Mechanical screening failed (25.0 < 62)
P04,P19,99,0,False,2025-01-15 09:35:00,95,528,242,289,415,405,468,420,1,8,3,0.29012809717100596,0.24755188365516642,0.2765075576264075,20,87,23,21,39,48,REJECT,Mechanical screening failed (21.0 < 62)
P04,P19,99,0,False,2025-01-15 09:05:00,89,533,239,497,274,421,725,314,6,3,1,0.27034907257039126,0.25428459693550415,0.246696420692245,26,20,25,17,42,34,REJECT,Gap screening failed (34.0 < 38)
P04,P20,99,0,False,2025-01-15 09:06:00,154,683,291,119,224,516,596,675,7,2,0,0.16232601641923206,0.16479402565695314,0.17279163676839707,20,54,23,15,60,60,REJECT,Mechanical screening failed (15.0 < 62)
P04,P20,99,0,False,2025-01-15 10:10:00,190,746,347,257,535,332,692,499,2,3,5,0.18158980529233587,0.16727474262566833,0.16971787106210687,68,75,34,43,57,33,REJECT,Gap screening failed (33.0 < 38)
P04,P20,99,0,False,2025-01-15 09:37:00,45,616,425,322,522,614,414,791,7,8,3,0.1815412411266654,0.14706304050503444,0.13998045163589995,20,66,25,11,61,72,REJECT,Mechanical screening failed (11.0 < 62)
P04,P20,99,0,False,2025-01-15 10:29:00,21,654,333,165,340,252,784,431,7,0,1,0.1783136292967711,0.17378705407212341,0.16908166841807887,20,160,29,31,55,21,REJECT,Gap screening failed (21.0 < 38)
P04,P20,99,0,False,2025-01-15 11:00:00,94,761,260,582,321,451,569,419,9,3,7,0.19076217439807847,0.17137369153456722,0.178965659101145,20,103,21,17,52,54,REJECT,Mechanical screening failed (17.0 < 62)
P04,P44,99,0,False,2025-01-15 09:16:00,196,487,300,579,615,93,381,321,7,8,2,0.13488070110492936,0.12031744140753313,0.16141377067863386,64,49,22,12,65,52,REJECT,Mechanical screening failed (12.0 < 62)
P04,P44,99,0,False,2025-01-15 10:21:00,122,611,362,691,361,263,282,128,1,9,4,0.12032636833009257,0.1305642303074446,0.12171320566197978,26,107,20,16,67,22,REJECT,Gap screening failed (22.0 < 38)
P04,P44,99,0,False,2025-01-15 10:51:00,163,588,350,383,318,257,412,364,8,8,7,0.11902004233922626,0.13474645347857375,0.12265917156739385,70,72,20,21,66,48,REJECT,Mechanical screening failed (21.0 < 62)
P04,P44,99,0,False,2025-01-15 10:36:00,159,490,299,106,326,429,553,119,7,1,2,0.13293161741424284,0.12585550793830813,0.12783906551824378,57,37,25,30,66,46,REJECT,Mechanical screening failed (30.0 < 62)
P04,P44,99,0,False,2025-01-15 10:02:00,182,522,245,443,501,256,379,100,7,6,2,0.11551443466650972,0.12200129274443901,0.113650668664832,53,24,23,19,66,36,REJECT,Gap screening failed (36.0 < 38)
P40,,1,1,True,2025-01-15 09:03:00,197,553,240,177,446,360,416,320,8,3,4,0.06351105821700473,0.12379060421390752,0.057576145038982444,30,70,18,62,77,71,ACCEPT,Accepted (score=67.9)
P40,,1,2,True,2025-01-15 09:06:00,116,508,235,125,337,296,477,306,8,3,4,0.050221947731643554,0.12441296339783929,0.13145255403767545,39,79,14,54,70,85,REJECT,Mechanical screening failed (54.0 < 62)
P40,,1,3,True,2025-01-15 09:09:00,128,485,286,69,367,306,590,339,8,3,4,0.0479879629221299,0.10869005403168819,0.10098189750099804,49,78,15,37,77,78,REJECT,Mechanical screening failed (37.0 < 62)
P40,,1,4,True,2025-01-15 09:12:00,117,537,240,209,547,460,506,445,8,3,4,0.04805439574303891,0.11964168680826225,0.06590820298850901,29,64,17,55,78,65,REJECT,Mechanical screening failed (55.0 < 62)
P40,,1,5,True,2025-01-15 09:15:00,133,493,242,118,596,384,575,278,8,3,4,0.05399345027120145,0.09625110225959166,0.05533061541172228,44,95,19,59,79,64,REJECT,Mechanical screening failed (59.0 < 62)
P40,,1,6,True,2025-01-15 09:18:00,119,531,226,163,534,529,467,415,8,3,4,0.08686113074391591,0.0957357715670287,0.06942319624135437,33,77,14,46,74,76,REJECT,Mechanical screening failed (46.0 < 62)
P40,,2,1,True,2025-01-17 09:03:00,146,525,245,198,467,249,690,223,8,3,4,0.0482748145756969,0.09964712228871066,0.05833808132529453,47,78,19,28,79,82,REJECT,Mechanical screening failed (28.0 < 62)
P40,,2,2,True,2025-01-17 09:06:00,106,527,231,168,470,385,485,288,8,3,4,0.05394371380820411,0.11349695378728436,0.057630690825698196,42,62,10,75,80,74,ACCEPT,Accepted (score=75.3)
P40,,2,3,True,2025-01-17 09:09:00,117,486,237,184,450,562,557,487,8,3,4,0.0581468372025788,0.1048369291074567,0.06048784421897056,40,96,18,43,80,62,REJECT,Mechanical screening failed (43.0 < 62)
P40,,2,4,True,2025-01-17 09:12:00,136,564,253,149,516,238,497,293,8,3,4,0.05315232606151637,0.12355682665582948,0.12975721069043558,23,82,13,52,68,52,REJECT,Mechanical screening failed (52.0 < 62)
P40,,2,5,True,2025-01-17 09:15:00,132,494,260,214,451,441,511,320,8,3,4,0.051821676475450704,0.10491430159068185,0.07705231989900857,41,73,14,67,77,97,ACCEPT,Accepted (score=80.5)
P40,,2,6,True,2025-01-17 09:18:00,130,536,253,178,543,268,383,374,6,3,4,0.16925958974515953,0.10202569326785407,0.10329683881096677,25,85,23,42,67,52,REJECT,Mechanical screening failed (42.0 < 62)
P40,,3,1,True,2025-01-21 09:03:00,135,534,256,107,467,399,557,411,8,3,4,0.05583911052284587,0.08689311102505141,0.09439978566316262,33,75,16,75,75,79,ACCEPT,Accepted (score=76.6)
P40,,3,2,True,2025-01-21 09:06:00,137,490,273,163,549,458,509,408,8,4,4,0.06622074254096692,0.16968437676961942,0.07842423798405032,47,54,24,55,70,55,REJECT,Mechanical screening failed (55.0 < 62)
P40,,3,3,True,2025-01-21 09:09:00,135,526,230,334,344,571,435,174,8,3,4,0.05465165071165268,0.12416032124416378,0.06405647153965628,41,55,21,16,76,65,REJECT,Mechanical screening failed (16.0 < 62)
P40,,3,4,True,2025-01-21 09:12:00,169,473,231,113,608,436,654,287,8,3,4,0.05900169849940312,0.10811707074261198,0.06352939613218211,43,73,19,33,78,92,REJECT,Mechanical screening failed (33.0 < 62)
P40,,3,5,True,2025-01-21 09:15:00,108,550,246,209,480,414,530,254,8,6,4,0.053758285286761034,0.13587555296313886,0.05187272087935804,51,90,14,65,75,68,ACCEPT,Accepted (score=67.7)
P40,,3,6,True,2025-01-21 09:18:00,159,522,244,139,387,456,626,315,8,3,4,0.0542924786084799,0.11984220007931332,0.08203027673809091,50,76,16,47,74,78,REJECT,Mechanical screening failed (47.0 < 62)
P40,,4,1,True,2025-01-28 09:03:00,130,525,263,305,506,350,580,451,8,3,4,0.049054125352474554,0.12366682075248783,0.06034843497503341,58,62,19,53,78,51,REJECT,Mechanical screening failed (53.0 < 62)
P40,,4,2,True,2025-01-28 09:06:00,166,469,246,50,469,200,554,303,8,3,4,0.11810488107731443,0.10358922722840636,0.0605277014759584,25,64,21,24,73,58,REJECT,Mechanical screening failed (24.0 < 62)
P40,,4,3,True,2025-01-28 09:09:00,104,537,211,102,545,417,498,187,8,3,4,0.05413685637327706,0.1115518166372619,0.058608429190234665,33,68,21,38,78,76,REJECT,Mechanical screening failed (38.0 < 62)
P40,,4,4,True,2025-01-28 09:12:00,123,567,240,214,445,439,529,443,8,3,4,0.04779907447390921,0.10965106404918658,0.10969610175164113,35,82,21,60,75,72,REJECT,Mechanical screening failed (60.0 < 62)
P40,,4,5,True,2025-01-28 09:15:00,151,537,226,323,600,255,416,276,8,3,4,0.12311261940499148,0.08774160920507662,0.05413274048557793,38,70,15,27,74,89,REJECT,Mechanical screening failed (27.0 < 62)
P40,,4,6,True,2025-01-28 09:18:00,140,507,221,141,508,479,499,365,8,3,4,0.05654125194785046,0.08495754370013026,0.05029594118824027,53,67,11,62,82,63,ACCEPT,Accepted (score=65.4)
P40,,5,1,True,2025-02-04 09:03:00,110,539,241,206,511,352,482,371,8,3,4,0.05039515057948983,0.11791985810534107,0.07349589085983083,35,72,11,78,76,83,ACCEPT,Accepted (score=79.7)
P40,,5,2,True,2025-02-04 09:06:00,125,573,239,70,453,308,431,396,8,3,4,0.05529277514102216,0.12573492183991886,0.06109130517561778,34,76,19,47,78,79,REJECT,Mechanical screening failed (47.0 < 62)
P40,,5,3,True,2025-02-04 09:09:00,84,524,240,115,457,265,393,380,8,3,4,0.05106194549804783,0.09043614006940173,0.06395459350981236,33,67,13,49,77,75,REJECT,Mechanical screening failed (49.0 < 62)
P40,,5,4,True,2025-02-04 09:12:00,118,554,233,124,320,273,525,259,8,3,4,0.0482482737438498,0.09038920407500976,0.0634220938078308,26,75,12,49,82,65,REJECT,Mechanical screening failed (49.0 < 62)
P40,,5,5,True,2025-02-04 09:15:00,108,504,221,121,502,239,597,253,8,3,4,0.052018481824848854,0.09897578404999671,0.10049904956713247,45,62,25,37,76,69,REJECT,Mechanical screening failed (37.0 < 62)
P40,,5,6,True,2025-02-04 09:18:00,118,533,273,135,297,370,539,463,8,3,4,0.03871584454062259,0.09463123916841498,0.12722834408692008,47,79,13,57,74,82,REJECT,Mechanical screening failed (57.0 < 62)
P40,P19,99,0,False,2025-01-15 09:13:00,98,605,228,580,180,185,513,100,0,9,8,0.2861152876415561,0.24948594781878103,0.2700716505892998,57,42,26,18,43,31,REJECT,Gap screening failed (31.0 < 38)
P40,P19,99,0,False,2025-01-15 10:51:00,180,554,272,321,292,179,431,317,0,8,1,0.2812681283007016,0.26067494747486175,0.26558706305695123,20,112,22,30,40,30,REJECT,Gap screening failed (30.0 < 38)
P40,P19,99,0,False,2025-01-15 09:01:00,131,663,332,121,609,126,451,100,6,7,3,0.2856205488819013,0.2611012132212302,0.25555770047290155,68,74,24,15,37,33,REJECT,Gap screening failed (33.0 < 38)
P40,P19,99,0,False,2025-01-15 10:13:00,57,596,256,195,479,155,667,461,7,7,1,0.27525074486557355,0.25889067120925285,0.26889243222521786,101,45,23,25,40,13,REJECT,Gap screening failed (13.0 < 38)
P40,P19,99,0,False,2025-01-15 09:36:00,96,565,195,274,282,186,270,374,7,9,4,0.2731281222967376,0.262034910044287,0.2691811605190711,69,24,29,14,40,16,REJECT,Gap screening failed (16.0 < 38)
P40,P46,99,0,False,2025-01-15 10:00:00,83,622,287,303,389,195,509,435,8,4,2,0.19423098742273154,0.1762115264566838,0.18491086022359243,50,72,24,18,54,81,REJECT,Mechanical screening failed (18.0 < 62)
P40,P46,99,0,False,2025-01-15 10:01:00,162,641,303,288,587,290,822,601,0,1,1,0.18419422903342758,0.17653491272879812,0.1859429874956681,68,40,36,36,53,38,REJECT,Mechanical screening failed (36.0 < 62)
P40,P46,99,0,False,2025-01-15 09:56:00,63,609,357,423,565,498,591,265,1,4,8,0.1963780577222382,0.17940636098449395,0.18794757705336057,67,87,25,34,54,57,REJECT,Mechanical screening failed (34.0 < 62)
P40,P46,99,0,False,2025-01-15 09:43:00,76,599,271,198,565,410,554,179,5,5,8,0.18655724275561927,0.17519494425581716,0.18786698828533263,81,91,38,47,56,44,REJECT,Mechanical screening failed (47.0 < 62)
P40,P46,99,0,False,2025-01-15 09:23:00,103,627,237,50,510,152,542,462,6,2,4,0.19810167465565476,0.17740791023834207,0.18686343452670667,26,85,25,17,54,34,REJECT,Gap screening failed (34.0 < 38)
P40,P36,99,0,False,2025-01-15 09:06:00,116,712,293,263,603,299,669,275,6,0,6,0.2130033044171842,0.18234540774687455,0.2026434240705204,76,75,9,31,51,32,REJECT,Gap screening failed (32.0 < 38)
P40,P36,99,0,False,2025-01-15 09:32:00,203,745,258,185,458,394,243,562,4,1,6,0.21084111423453167,0.18256800609704643,0.1998541696796364,20,20,10,33,48,25,REJECT,Gap screening failed (25.0 < 38)
P40,P36,99,0,False,2025-01-15 11:00:00,255,787,332,214,333,493,620,317,6,5,2,0.20197814927669763,0.17992271409682792,0.18935953304995032,84,20,18,18,52,68,REJECT,Mechanical screening failed (18.0 < 62)
P40,P36,99,0,False,2025-01-15 10:50:00,145,684,299,105,499,346,416,252,8,3,7,0.18081479943906043,0.17929026775188536,0.19995995804022162,87,20,15,45,52,64,REJECT,Mechanical screening failed (45.0 < 62)
P40,P36,99,0,False,2025-01-15 10:01:00,139,759,248,240,312,310,431,359,9,9,7,0.21679302724285993,0.18187485548056886,0.20621666932071836,62,25,10,40,49,76,REJECT,Mechanical screening failed (40.0 < 62)
P39,,1,1,True,2025-01-15 09:03:00,103,778,219,131,459,387,370,439,3,0,2,0.04175853464239321,0.08072189427500377,0.06400870452834927,95,46,28,42,81,52,REJECT,Mechanical screening failed (42.0 < 62)
P39,,1,2,True,2025-01-15 09:06:00,99,685,222,362,443,387,513,110,3,0,2,0.04217538901438077,0.07597771446152748,0.06973276630065088,74,72,29,42,80,53,REJECT,Mechanical screening failed (42.0 < 62)
P39,,1,3,True,2025-01-15 09:09:00,102,708,227,230,416,438,585,446,3,0,2,0.04430923258674959,0.07439016364033559,0.06766125769333174,55,69,26,50,79,48,REJECT,Mechanical screening failed (50.0 < 62)
P39,,1,4,True,2025-01-15 09:12:00,128,669,209,137,404,404,511,223,3,0,2,0.05249251156082211,0.07865659319936316,0.06554900423159613,30,43,30,61,80,39,REJECT,Mechanical screening failed (61.0 < 62)
P39,,1,5,True,2025-01-15 09:15:00,115,665,189,242,349,299,500,220,3,0,2,0.048197587827269475,0.07815129579273042,0.049766101295823865,71,68,25,51,80,59,REJECT,Mechanical screening failed (51.0 < 62)
P39,,1,6,True,2025-01-15 09:18:00,120,725,211,50,577,375,519,279,3,0,2,0.04942463452664576,0.07939267143985065,0.06250261704131237,39,70,26,46,82,32,REJECT,Gap screening failed (32.0 < 38)
P39,,2,1,True,2025-01-17 09:03:00,89,726,219,199,557,442,432,517,3,0,2,0.040834724439274814,0.07816101790110895,0.051064387353644054,53,25,27,43,83,47,REJECT,Mechanical screening failed (43.0 < 62)
P39,,2,2,True,2025-01-17 09:06:00,108,669,244,211,432,391,386,111,3,0,2,0.05058817824058142,0.09323238003071538,0.057155267381645815,58,39,29,46,79,74,REJECT,Mechanical screening failed (46.0 < 62)
P39,,2,3,True,2025-01-17 09:09:00,104,699,241,169,465,333,521,485,3,0,2,0.04857329751093422,0.07993767185280654,0.07159191900110273,78,31,34,60,80,50,REJECT,Mechanical screening failed (60.0 < 62)
P39,,2,4,True,2025-01-17 09:12:00,108,694,253,317,401,401,625,323,3,0,2,0.03813005899514182,0.07639469265417255,0.047140671887562886,69,30,20,56,83,59,REJECT,Mechanical screening failed (56.0 < 62)
P39,,2,5,True,2025-01-17 09:15:00,92,651,190,221,478,231,385,287,3,0,2,0.04475494295611588,0.06926382873400541,0.053012756257138104,85,64,32,29,85,60,REJECT,Mechanical screening failed (29.0 < 62)
P39,,2,6,True,2025-01-17 09:18:00,93,696,255,113,489,429,614,174,3,0,2,0.04514159733252707,0.07878271398003397,0.05643411093508963,0,71,24,37,81,12,REJECT,Gap screening failed (12.0 < 38)
P39,,3,1,True,2025-01-21 09:03:00,122,770,241,159,445,367,545,327,3,0,2,0.062028415395516824,0.07731800243074322,0.05111119823012661,49,21,27,68,82,40,REJECT,Weighted check failed (score=58.9 < 60)
P39,,3,2,True,2025-01-21 09:06:00,97,678,222,222,354,498,554,100,3,0,2,0.045096039913755645,0.07064324687517115,0.06715852741070223,75,59,22,37,80,71,REJECT,Mechanical screening failed (37.0 < 62)
P39,,3,3,True,2025-01-21 09:09:00,122,693,243,302,500,395,380,369,3,0,2,0.05897521073763548,0.08241193306985596,0.055470818889439645,83,60,32,47,81,66,REJECT,Mechanical screening failed (47.0 < 62)
P39,,3,4,True,2025-01-21 09:12:00,97,724,211,114,542,285,360,383,3,0,2,0.0491784349009518,0.0763763427328513,0.05668247798098012,77,68,34,29,83,57,REJECT,Mechanical screening failed (29.0 < 62)
P39,,3,5,True,2025-01-21 09:15:00,115,748,254,90,344,329,574,311,3,0,2,0.0417592739180249,0.06938636261613629,0.05249076376620965,90,55,26,47,82,58,REJECT,Mechanical screening failed (47.0 < 62)
P39,,3,6,True,2025-01-21 09:18:00,84,710,242,196,368,255,472,338,3,0,2,0.044674481439595654,0.08225532678870391,0.060231578777874585,34,53,25,54,82,41,REJECT,Mechanical screening failed (54.0 < 62)
P39,,4,1,True,2025-01-28 09:03:00,124,707,253,82,572,332,491,481,3,0,2,0.04568029729887713,0.07571850251603733,0.06857168554858685,60,48,25,37,82,87,REJECT,Mechanical screening failed (37.0 < 62)
P39,,4,2,True,2025-01-28 09:06:00,109,734,227,86,422,354,586,358,3,0,2,0.04182288295431885,0.08033561171827286,0.07013696157788538,60,31,28,59,75,60,REJECT,Mechanical screening failed (59.0 < 62)
P39,,4,3,True,2025-01-28 09:09:00,129,723,215,353,307,385,518,197,3,0,2,0.042250512516954955,0.07296716772473542,0.05512019340639678,77,93,19,44,82,33,REJECT,Gap screening failed (33.0 < 38)
P39,,4,4,True,2025-01-28 09:12:00,102,672,242,136,476,436,331,143,3,0,2,0.046522188571448506,0.07302972212603367,0.05690212648127493,73,83,30,36,84,42,REJECT,Mechanical screening failed (36.0 < 62)
P39,,4,5,True,2025-01-28 09:15:00,108,724,210,276,492,445,338,314,3,0,2,0.04472588876194819,0.07619970211402675,0.053817941698380715,60,34,28,47,81,65,REJECT,Mechanical screening failed (47.0 < 62)
P39,,4,6,True,2025-01-28 09:18:00,135,738,216,222,416,496,610,347,3,0,2,0.05097673747612633,0.0795993920520015,0.05610467103210864,46,41,27,44,82,60,REJECT,Mechanical screening failed (44.0 < 62)
P39,,5,1,True,2025-02-04 09:03:00,88,698,231,158,650,328,515,198,3,0,2,0.043585187026999775,0.076203206272913,0.05269851537088737,82,58,24,54,83,68,REJECT,Mechanical screening failed (54.0 < 62)
P39,,5,2,True,2025-02-04 09:06:00,74,745,231,248,501,306,491,150,3,0,2,0.04850527131607755,0.08696810262412635,0.06988667769629804,70,52,36,45,77,87,REJECT,Mechanical screening failed (45.0 < 62)
P39,,5,3,True,2025-02-04 09:09:00,100,710,247,299,320,520,625,280,3,0,2,0.059908987179983664,0.08204843517512823,0.05657299815667535,80,41,33,28,81,62,REJECT,Mechanical screening failed (28.0 < 62)
P39,,5,4,True,2025-02-04 09:12:00,105,730,227,180,508,406,480,260,3,0,2,0.06164510208899543,0.06864911768072832,0.07423774173917719,72,36,28,78,78,64,ACCEPT,Accepted (score=72.4)
P39,,5,5,True,2025-02-04 09:15:00,111,683,206,147,301,368,422,171,3,0,2,0.045881952984516035,0.0736449056637805,0.06693017005750594,77,37,30,49,80,59,REJECT,Mechanical screening failed (49.0 < 62)
P39,,5,6,True,2025-02-04 09:18:00,111,732,215,135,384,357,615,232,3,0,2,0.04573678367871256,0.08242175563170258,0.06767480212455032,76,63,28,59,78,64,REJECT,Mechanical screening failed (59.0 < 62)
P39,P42,99,0,False,2025-01-15 09:14:00,216,653,228,64,580,50,611,319,0,7,2,0.15815255849335635,0.1549006132008821,0.13206529791885285,65,80,29,11,58,34,REJECT,Gap screening failed (34.0 < 38)
P39,P42,99,0,False,2025-01-15 10:45:00,163,495,235,50,219,222,423,279,0,1,2,0.16377615392245676,0.1431674840707437,0.12970499458804002,82,67,34,33,62,54,REJECT,Mechanical screening failed (33.0 < 62)
P39,P42,99,0,False,2025-01-15 09:08:00,158,632,203,121,587,389,353,100,3,1,6,0.14791288954953993,0.13894775841764145,0.13937500994303953,95,20,38,21,60,37,REJECT,Gap screening failed (37.0 < 38)
P39,P42,99,0,False,2025-01-15 09:51:00,189,583,257,242,269,343,262,345,0,1,4,0.14065693962632844,0.13871772111169225,0.15230273033848482,86,20,19,35,62,44,REJECT,Mechanical screening failed (35.0 < 62)
P39,P42,99,0,False,2025-01-15 10:02:00,158,602,297,191,495,65,345,421,0,8,2,0.13638587318834805,0.145613789175334,0.13933917232538937,49,31,33,23,62,54,REJECT,Mechanical screening failed (23.0 < 62)
P39,P10,99,0,False,2025-01-15 09:09:00,122,687,301,182,402,454,290,548,7,2,6,0.2461073456711356,0.25700836228311297,0.22673436418433,81,46,12,17,42,53,REJECT,Mechanical screening failed (17.0 < 62)
P39,P10,99,0,False,2025-01-15 10:13:00,113,697,175,347,322,357,787,100,0,7,0,0.257810014618318,0.2504559960252767,0.2587127430233803,98,78,8,14,42,45,REJECT,Mechanical screening failed (14.0 < 62)
P39,P10,99,0,False,2025-01-15 10:20:00,131,642,211,301,428,423,591,141,8,7,3,0.24811664500855676,0.23778641562247185,0.23612727270704278,126,64,17,31,41,28,REJECT,Gap screening failed (28.0 < 38)
P39,P10,99,0,False,2025-01-15 10:27:00,201,614,247,179,659,613,383,345,6,0,5,0.24895462716247457,0.2608092358863248,0.24421570215547456,97,20,18,19,42,20,REJECT,Gap screening failed (20.0 < 38)
P39,P10,99,0,False,2025-01-15 09:06:00,93,653,244,340,390,488,528,570,4,4,3,0.23031515238093855,0.25048245048211454,0.2413347270909328,48,36,18,25,46,52,REJECT,Mechanical screening failed (25.0 < 62)
P39,P46,99,0,False,2025-01-15 09:19:00,59,569,322,51,578,219,680,189,6,1,5,0.1150747714751717,0.15308025903123956,0.1359899276961633,99,60,33,27,65,32,REJECT,Gap screening failed (32.0 < 38)
P39,P46,99,0,False,2025-01-15 09:19:00,105,604,341,129,669,267,566,181,6,1,8,0.11777397038058877,0.10582742695770742,0.13508087912100236,119,57,31,47,68,20,REJECT,Gap screening failed (20.0 < 38)
P39,P46,99,0,False,2025-01-15 10:43:00,143,552,289,360,426,367,581,324,6,1,8,0.12442230977402183,0.11694787008051633,0.12410943878810526,48,48,34,42,68,67,REJECT,Mechanical screening failed (42.0 < 62)
P39,P46,99,0,False,2025-01-15 10:12:00,132,624,353,135,696,235,496,298,0,1,8,0.1526496573623576,0.11754514820451009,0.10712951312909826,56,20,24,32,66,30,REJECT,Gap screening failed (30.0 < 38)
P39,P46,99,0,False,2025-01-15 09:38:00,133,535,279,50,445,213,528,327,7,9,8,0.13330210592975533,0.1559506837374182,0.11059298511926713,53,62,29,28,62,90,REJECT,Mechanical screening failed (28.0 < 62)
P11,,1,1,True,2025-01-15 09:03:00,147,654,243,159,575,271,528,378,1,1,4,0.055290104519001855,0.06942618666672862,0.0557208107799607,28,45,32,64,80,32,REJECT,Gap screening failed (32.0 < 38)
P11,,1,2,True,2025-01-15 09:06:00,140,680,233,181,455,267,509,496,1,1,4,0.053238814319971614,0.07530629772755551,0.05266123076748837,24,20,34,70,80,53,ACCEPT,Accepted (score=64.7)
P11,,1,3,True,2025-01-15 09:09:00,134,692,212,293,318,184,477,500,1,1,4,0.044959388455392324,0.06985613457531048,0.04557068815432216,42,20,18,33,85,86,REJECT,Mechanical screening failed (33.0 < 62)
P11,,1,4,True,2025-01-15 09:12:00,152,694,209,174,262,374,623,262,1,1,4,0.052237866008554054,0.07077383769892959,0.054307551798806745,53,20,35,37,84,89,REJECT,Mechanical screening failed (37.0 < 62)
P11,,1,5,True,2025-01-15 09:15:00,164,715,250,225,499,432,616,450,1,1,4,0.0647591579377504,0.0738430167274019,0.05431546294068026,23,25,28,39,83,45,REJECT,Mechanical screening failed (39.0 < 62)
P11,,1,6,True,2025-01-15 09:18:00,162,693,200,154,414,226,621,293,1,1,4,0.056372064526487076,0.07269470115354167,0.050885849755760056,64,20,31,53,81,70,REJECT,Mechanical screening failed (53.0 < 62)
P11,,2,1,True,2025-01-17 09:03:00,133,668,202,68,284,133,543,416,1,1,4,0.052697544543805645,0.07107638636285385,0.054828737376692,67,30,29,29,82,64,REJECT,Mechanical screening failed (29.0 < 62)
P11,,2,2,True,2025-01-17 09:06:00,135,717,234,298,451,467,695,399,1,1,4,0.05600246592113192,0.07623266672259948,0.055537109344017524,48,21,34,36,83,96,REJECT,Mechanical screening failed (36.0 < 62)
P11,,2,3,True,2025-01-17 09:09:00,136,713,210,215,270,294,512,437,1,1,4,0.057860858572805554,0.07194597433041812,0.053797572836778614,84,41,29,64,81,43,REJECT,Weighted check failed (score=58.2 < 60)
P11,,2,4,True,2025-01-17 09:12:00,173,750,217,230,446,270,359,340,1,1,4,0.05230774771687974,0.07298713954485486,0.053558418062675625,53,20,29,49,83,89,REJECT,Mechanical screening failed (49.0 < 62)
P11,,2,5,True,2025-01-17 09:15:00,159,703,223,50,303,244,554,549,1,1,4,0.050289518236158806,0.07338562428912851,0.05230157578169052,66,21,30,41,81,67,REJECT,Mechanical screening failed (41.0 < 62)
P11,,2,6,True,2025-01-17 09:18:00,143,687,239,216,336,284,411,375,1,1,4,0.0542165724324778,0.07249590498082568,0.05175350245280109,45,40,30,64,84,53,ACCEPT,Accepted (score=62.6)
P11,,3,1,True,2025-01-21 09:03:00,130,655,212,274,384,278,546,478,1,1,4,0.05136853843257633,0.0757869636804802,0.05159048712658997,20,20,30,59,82,47,REJECT,Mechanical screening failed (59.0 < 62)
P11,,3,2,True,2025-01-21 09:06:00,192,657,191,280,365,346,436,596,1,1,4,0.06543782846375681,0.07071457869882222,0.05300825928372975,35,20,35,26,81,72,REJECT,Mechanical screening failed (26.0 < 62)
P11,,3,3,True,2025-01-21 09:09:00,138,721,264,221,416,345,652,397,1,1,4,0.0542305786936352,0.06977824831942056,0.05448901317865748,62,28,29,55,79,70,REJECT,Mechanical screening failed (55.0 < 62)
P11,,3,4,True,2025-01-21 09:12:00,131,721,202,127,281,180,634,364,1,1,4,0.04728591828256435,0.07001587255510297,0.052862211968123046,66,21,26,37,84,67,REJECT,Mechanical screening failed (37.0 < 62)
P11,,3,5,True,2025-01-21 09:15:00,177,629,219,89,418,219,598,530,1,1,4,0.05120636730015025,0.0727457419715937,0.0517302983104001,40,28,33,37,82,64,REJECT,Mechanical screening failed (37.0 < 62)
P11,,3,6,True,2025-01-21 09:18:00,151,759,243,226,402,310,648,385,1,1,4,0.046966555764405574,0.07127598088851864,0.05612786343090665,36,20,27,54,80,74,REJECT,Mechanical screening failed (54.0 < 62)
P11,,4,1,True,2025-01-28 09:03:00,153,705,241,50,330,287,519,301,1,1,4,0.046936516596946,0.06977903277200406,0.05880084382984768,20,20,31,51,82,47,REJECT,Mechanical screening failed (51.0 < 62)
P11,,4,2,True,2025-01-28 09:06:00,165,786,204,208,369,227,243,395,1,1,4,0.04734785142473765,0.0706077988847921,0.05120743541436347,38,22,25,30,82,72,REJECT,Mechanical screening failed (30.0 < 62)
P11,,4,3,True,2025-01-28 09:09:00,113,654,226,71,396,318,610,428,1,1,4,0.05109284548247963,0.06684440692697091,0.056602472672361216,48,33,30,52,80,67,REJECT,Mechanical screening failed (52.0 < 62)
P11,,4,4,True,2025-01-28 09:12:00,116,711,229,328,373,257,642,252,1,1,4,0.05765906911308025,0.06846112360418695,0.05488884936839003,47,55,33,44,80,40,REJECT,Mechanical screening failed (44.0 < 62)
P11,,4,5,True,2025-01-28 09:15:00,154,689,258,94,312,250,744,450,1,1,4,0.05286645162061711,0.07401653866431557,0.05442105086286573,68,28,28,41,76,67,REJECT,Mechanical screening failed (41.0 < 62)
P11,,4,6,True,2025-01-28 09:18:00,140,687,235,243,304,288,479,296,1,1,4,0.05089308396373921,0.07409819839113023,0.056943842352178684,75,47,34,63,79,37,REJECT,Gap screening failed (37.0 < 38)
P11,,5,1,True,2025-02-04 09:03:00,132,661,237,275,531,482,672,347,1,1,4,0.04206804916123343,0.07107901296710228,0.04525187397497954,62,20,17,24,85,73,REJECT,Mechanical screening failed (24.0 < 62)
P11,,5,2,True,2025-02-04 09:06:00,165,721,181,303,471,376,543,327,1,1,4,0.05234474081446344,0.07067276390366206,0.04690097588757772,22,23,25,40,82,46,REJECT,Mechanical screening failed (40.0 < 62)
P11,,5,3,True,2025-02-04 09:09:00,144,688,175,143,294,292,665,257,1,1,4,0.05108857009682515,0.07060890688046698,0.045156627272212084,0,52,24,29,79,15,REJECT,Gap screening failed (15.0 < 38)
P11,,5,4,True,2025-02-04 09:12:00,118,679,250,228,477,434,513,468,1,1,4,0.05821481332037051,0.07663801462911628,0.059910679789028934,20,36,32,42,82,32,REJECT,Gap screening failed (32.0 < 38)
P11,,5,5,True,2025-02-04 09:15:00,133,714,215,211,353,340,600,347,1,1,4,0.046890526619651436,0.07102734186102516,0.0490294167314717,35,20,28,67,81,72,ACCEPT,Accepted (score=71.1)
P11,,5,6,True,2025-02-04 09:18:00,150,679,211,293,315,187,564,304,1,1,4,0.051509799538504326,0.07468744361205634,0.05487653484875153,26,20,36,40,80,56,REJECT,Mechanical screening failed (40.0 < 62)
P11,P40,99,0,False,2025-01-15 09:10:00,131,608,230,200,592,165,394,335,1,6,7,0.15896020250061133,0.19911073692196518,0.15932644330601237,47,61,18,18,56,64,REJECT,Mechanical screening failed (18.0 < 62)
P11,P40,99,0,False,2025-01-15 09:31:00,82,497,225,50,622,493,503,100,8,3,4,0.14908787494470876,0.1924455579426519,0.15378647370667728,20,69,15,18,61,53,REJECT,Mechanical screening failed (18.0 < 62)
P11,P40,99,0,False,2025-01-15 09:15:00,153,537,250,363,275,379,741,311,9,2,5,0.14753257095003636,0.1931059492605777,0.15865462135442793,59,50,12,39,55,38,REJECT,Mechanical screening failed (39.0 < 62)
P11,P40,99,0,False,2025-01-15 10:11:00,145,516,217,233,462,231,352,716,1,9,4,0.15852623174496225,0.19827024237965576,0.15312719203970357,63,20,18,16,56,17,REJECT,Gap screening failed (17.0 < 38)
P11,P40,99,0,False,2025-01-15 10:37:00,64,519,189,50,686,134,354,545,5,1,2,0.16159342040887859,0.1924410807697683,0.16449522170033368,20,40,9,8,55,45,REJECT,Mechanical screening failed (8.0 < 62)
P11,P13,99,0,False,2025-01-15 09:53:00,172,722,440,232,468,50,354,426,2,2,1,0.18208721292698665,0.192273031756209,0.18516366713667207,47,90,12,15,55,34,REJECT,Gap screening failed (34.0 < 38)
P11,P13,99,0,False,2025-01-15 10:17:00,67,702,416,299,181,328,515,684,2,7,9,0.19415074225768975,0.19745558252113513,0.19338108953765654,62,57,18,33,50,60,REJECT,Mechanical screening failed (33.0 < 62)
P11,P13,99,0,False,2025-01-15 10:16:00,116,712,458,276,393,577,281,100,9,0,0,0.18730862588017794,0.19260280756624143,0.18115374766592252,74,29,22,15,56,31,REJECT,Gap screening failed (31.0 < 38)
P11,P13,99,0,False,2025-01-15 10:41:00,167,628,408,148,444,276,722,539,9,0,9,0.18101138321343196,0.1901968221463155,0.1770880508137113,153,43,17,43,52,12,REJECT,Gap screening failed (12.0 < 38)
P11,P13,99,0,False,2025-01-15 10:19:00,168,694,444,226,245,457,421,378,3,5,9,0.19204534870478188,0.19905922018665315,0.18899589807461242,50,63,11,19,53,46,REJECT,Mechanical screening failed (19.0 < 62)
P11,P30,99,0,False,2025-01-15 09:28:00,165,663,280,312,471,128,153,430,8,6,1,0.1034132226880971,0.10287527427330571,0.08675522193783188,94,69,25,11,73,49,REJECT,Mechanical screening failed (11.0 < 62)
P11,P30,99,0,False,2025-01-15 10:39:00,183,573,242,272,434,209,598,417,7,6,5,0.09496481388743222,0.101125696501748,0.09393876485795864,88,20,34,36,70,34,REJECT,Gap screening failed (34.0 < 38)
P11,P30,99,0,False,2025-01-15 10:06:00,154,591,150,382,356,50,305,575,8,6,8,0.09410987913062763,0.10056861633315455,0.09653060022668249,39,65,33,9,73,32,REJECT,Gap screening failed (32.0 < 38)
P11,P30,99,0,False,2025-01-15 09:48:00,202,564,217,50,656,503,710,100,8,6,5,0.09505293004238632,0.10315146285642045,0.09258564066629844,44,27,37,9,70,52,REJECT,Mechanical screening failed (9.0 < 62)
P11,P30,99,0,False,2025-01-15 09:57:00,147,599,251,416,240,165,329,194,8,6,5,0.09528263322517631,0.0978409310291176,0.09640505659451752,32,20,25,19,75,43,REJECT,Mechanical screening failed (19.0 < 62)
P25,,1,1,True,2025-01-15 09:03:00,120,632,410,101,390,310,491,259,2,2,8,0.07797620205719742,0.07899141098866447,0.06277999952339018,61,20,30,68,80,88,ACCEPT,Accepted (score=77.8)
P25,,1,2,True,2025-01-15 09:06:00,110,623,423,141,353,258,656,364,2,2,8,0.06199410538137941,0.07143676346386893,0.06671497140260721,52,43,38,39,78,41,REJECT,Mechanical screening failed (39.0 < 62)
P25,,1,3,True,2025-01-15 09:09:00,133,621,421,184,316,441,608,265,2,2,8,0.05311197727932333,0.08056417689651343,0.0643808003049145,45,25,32,62,82,55,ACCEPT,Accepted (score=62.2)
P25,,1,4,True,2025-01-15 09:12:00,120,609,435,186,486,324,557,274,2,2,8,0.10556094524020503,0.07065067398998293,0.07529082187237703,80,41,34,74,75,51,ACCEPT,Accepted (score=65.0)
P25,,1,5,True,2025-01-15 09:15:00,118,587,426,217,455,432,603,148,2,2,8,0.05019288561163355,0.08565383262821395,0.07020199075518337,72,20,28,56,77,84,REJECT,Mechanical screening failed (56.0 < 62)
P25,,1,6,True,2025-01-15 09:18:00,109,654,402,169,365,352,561,177,2,2,8,0.055048505281411544,0.07347942159400775,0.0674928680689287,79,20,39,71,80,74,ACCEPT,Accepted (score=73.6)
P25,,2,1,True,2025-01-17 09:03:00,129,588,434,225,427,422,622,284,2,2,8,0.05425222726724689,0.08769881907867061,0.06653264308004567,41,20,32,66,79,55,ACCEPT,Accepted (score=63.5)
P25,,2,2,True,2025-01-17 09:06:00,97,626,392,136,483,371,477,252,2,2,8,0.049175137717759644,0.0811613311627297,0.08226072699536906,53,20,32,64,80,74,ACCEPT,Accepted (score=70.4)
P25,,2,3,True,2025-01-17 09:09:00,102,618,414,137,451,435,477,177,2,2,8,0.05602215377857488,0.07919730188734146,0.07407039956229813,64,23,34,61,76,91,REJECT,Mechanical screening failed (61.0 < 62)
P25,,2,4,True,2025-01-17 09:12:00,111,629,399,237,424,478,514,291,2,2,8,0.0513797767961061,0.08665568914604607,0.06379122945304055,51,20,30,67,83,71,ACCEPT,Accepted (score=71.0)
P25,,2,5,True,2025-01-17 09:15:00,133,640,438,215,384,417,451,258,2,2,8,0.05204736034250506,0.08860568253977653,0.0632271447579509,80,20,31,67,79,72,ACCEPT,Accepted (score=70.8)
P25,,2,6,True,2025-01-17 09:18:00,100,626,394,83,465,299,560,245,2,2,8,0.05238770095766838,0.07520754880385237,0.06610872463388692,51,48,34,55,80,36,REJECT,Gap screening failed (36.0 < 38)
P25,,3,1,True,2025-01-21 09:03:00,97,602,444,166,399,387,511,373,2,2,8,0.06300790104436768,0.08868575256112249,0.06530992335280777,79,20,49,64,78,74,ACCEPT,Accepted (score=70.1)
P25,,3,2,True,2025-01-21 09:06:00,108,643,377,173,346,352,517,333,2,2,8,0.05192713746166453,0.08336813365228934,0.05735583377512988,59,33,21,62,81,61,ACCEPT,Accepted (score=64.5)
P25,,3,3,True,2025-01-21 09:09:00,122,592,420,335,385,436,538,283,2,2,8,0.08515891585526922,0.06919808266706645,0.06860365421546424,81,44,35,56,77,47,REJECT,Mechanical screening failed (56.0 < 62)
P25,,3,4,True,2025-01-21 09:12:00,126,635,405,207,561,431,569,279,2,2,8,0.05292603827108767,0.08925988236486375,0.06326951460347548,84,20,34,62,77,67,ACCEPT,Accepted (score=66.2)
P25,,3,5,True,2025-01-21 09:15:00,126,621,418,217,346,414,581,341,2,2,8,0.05570723351064638,0.07545766989305865,0.06342972000439974,47,31,30,69,80,49,ACCEPT,Accepted (score=62.6)
P25,,3,6,True,2025-01-21 09:18:00,128,624,444,162,431,358,478,186,2,2,8,0.06455819128495786,0.08842925432073802,0.06083860981416867,66,20,36,67,76,92,ACCEPT,Accepted (score=78.4)
P25,,4,1,True,2025-01-28 09:03:00,106,638,392,239,454,385,527,301,2,2,8,0.06644045212027981,0.10448158659942626,0.0681386902180509,72,58,31,71,76,38,REJECT,Weighted check failed (score=58.6 < 60)
P25,,4,2,True,2025-01-28 09:06:00,99,621,419,201,524,323,475,322,2,2,8,0.05979654796159814,0.09169171898565266,0.0694781447102181,50,0,36,54,76,37,REJECT,Gap screening failed (37.0 < 38)
P25,,4,3,True,2025-01-28 09:09:00,107,628,439,188,351,417,597,287,2,2,8,0.05360359526665377,0.08882184241207258,0.06986394442992841,67,40,37,75,79,61,ACCEPT,Accepted (score=70.0)
P25,,4,4,True,2025-01-28 09:12:00,109,616,427,160,475,385,437,308,2,2,8,0.05601336796426435,0.07289822936572825,0.07447058664848827,57,62,36,64,80,30,REJECT,Gap screening failed (30.0 < 38)
P25,,4,5,True,2025-01-28 09:15:00,107,681,439,101,357,483,464,163,2,2,8,0.10347239805495996,0.08925483434008699,0.06898881575034431,49,29,31,33,76,54,REJECT,Mechanical screening failed (33.0 < 62)
P25,,4,6,True,2025-01-28 09:18:00,118,652,402,329,463,405,578,200,2,2,8,0.059327088153087286,0.07431763004106616,0.061548719070008896,43,20,31,50,85,58,REJECT,Mechanical screening failed (50.0 < 62)
P25,,5,1,True,2025-02-04 09:03:00,125,616,423,164,435,458,512,218,2,2,8,0.060328255552253206,0.07047980025326804,0.0735166947204632,83,28,33,75,79,72,ACCEPT,Accepted (score=74.4)
P25,,5,2,True,2025-02-04 09:06:00,135,568,451,240,414,415,666,235,2,2,8,0.058583337339418014,0.08541786346023199,0.07686381578766321,81,24,29,44,77,76,REJECT,Mechanical screening failed (44.0 < 62)
P25,,5,3,True,2025-02-04 09:09:00,118,593,419,187,346,400,731,238,2,2,8,0.046928958626252154,0.06822398965439182,0.07408507317553459,78,25,25,56,80,80,REJECT,Mechanical screening failed (56.0 < 62)
P25,,5,4,True,2025-02-04 09:12:00,117,611,417,224,555,289,504,188,2,2,8,0.05345279684787401,0.08559961948203515,0.06481420565160684,78,44,37,48,79,48,REJECT,Mechanical screening failed (48.0 < 62)
P25,,5,5,True,2025-02-04 09:15:00,121,621,387,206,525,385,495,281,2,2,8,0.09447057424332987,0.07075045002760295,0.05911128482678926,67,20,33,61,76,93,REJECT,Mechanical screening failed (61.0 < 62)
P25,,5,6,True,2025-02-04 09:18:00,99,625,389,64,340,359,472,241,2,2,8,0.07854262329013427,0.07319323142871548,0.07119661681944808,64,31,28,55,79,72,REJECT,Mechanical screening failed (55.0 < 62)
P25,P19,99,0,False,2025-01-15 10:56:00,185,621,347,259,379,275,353,182,2,0,9,0.274580082314603,0.28677495161365824,0.27936467565469236,42,20,28,25,41,25,REJECT,Gap screening failed (25.0 < 38)
P25,P19,99,0,False,2025-01-15 09:56:00,192,549,252,50,511,149,682,316,6,9,7,0.28187861384053625,0.28109512709344964,0.2784989256823311,42,52,26,27,38,54,REJECT,Mechanical screening failed (27.0 < 62)
P25,P19,99,0,False,2025-01-15 09:38:00,213,611,256,169,619,355,680,378,4,7,8,0.26102007283835227,0.2709462289968125,0.27297440905061204,20,51,23,26,41,71,REJECT,Mechanical screening failed (26.0 < 62)
P25,P19,99,0,False,2025-01-15 10:50:00,145,559,275,102,263,421,840,162,6,6,4,0.2600238946448467,0.2828181092943838,0.2733076165873334,24,20,22,14,37,33,REJECT,Gap screening failed (33.0 < 38)
P25,P19,99,0,False,2025-01-15 10:15:00,54,519,287,449,182,526,269,193,7,4,0,0.27741357812159423,0.26554389768814796,0.2644783920190528,20,68,26,10,37,69,REJECT,Mechanical screening failed (10.0 < 62)
P25,P49,99,0,False,2025-01-15 09:54:00,131,696,310,317,506,357,399,105,0,4,8,0.17772962070799722,0.20043476382294795,0.2032695333947614,35,42,25,34,52,72,REJECT,Mechanical screening failed (34.0 < 62)
P25,P49,99,0,False,2025-01-15 09:39:00,149,651,321,288,224,840,486,100,7,0,8,0.20418892794867355,0.21060254897731104,0.1853353264324281,22,59,22,14,54,35,REJECT,Gap screening failed (35.0 < 38)
P25,P49,99,0,False,2025-01-15 10:12:00,96,621,298,241,562,236,630,165,9,5,8,0.2137276838266608,0.22411931828218984,0.20253644684930153,62,21,22,39,45,40,REJECT,Mechanical screening failed (39.0 < 62)
P25,P49,99,0,False,2025-01-15 10:19:00,158,677,250,50,382,222,743,197,1,9,6,0.18859173853917835,0.23758138558014225,0.18282859027315926,50,52,20,24,51,65,REJECT,Mechanical screening failed (24.0 < 62)
P25,P49,99,0,False,2025-01-15 09:07:00,54,718,270,195,275,255,736,267,1,3,3,0.21080330731841643,0.21036804791140468,0.20084615881961151,47,20,27,28,48,54,REJECT,Mechanical screening failed (28.0 < 62)
P25,P36,99,0,False,2025-01-15 10:18:00,132,646,282,147,358,250,432,191,1,3,7,0.1252597970220184,0.10468241811340309,0.13706095639434232,47,20,16,30,63,56,REJECT,Mechanical screening failed (30.0 < 62)
P25,P36,99,0,False,2025-01-15 10:34:00,86,654,226,50,516,290,524,766,2,0,2,0.12393168118693808,0.1023497725328292,0.128820689311701,93,76,14,17,66,25,REJECT,Gap screening failed (25.0 < 38)
P25,P36,99,0,False,2025-01-15 09:12:00,206,598,299,191,579,424,403,431,8,6,9,0.12936414460485193,0.09518728802879418,0.15411791727134838,98,20,6,35,65,52,REJECT,Mechanical screening failed (35.0 < 62)
P25,P36,99,0,False,2025-01-15 10:37:00,159,714,322,140,555,394,615,364,4,6,7,0.12428836995214593,0.09956729529526882,0.13097874178722185,87,22,15,37,68,68,REJECT,Mechanical screening failed (37.0 < 62)
P25,P36,99,0,False,2025-01-15 09:26:00,128,699,276,306,444,325,442,370,6,3,2,0.11618052898727392,0.09963759178655388,0.12488856422707878,58,89,16,67,70,17,REJECT,Gap screening failed (17.0 < 38)
P36,,1,1,True,2025-01-15 09:03:00,174,680,272,202,518,270,597,397,8,3,2,0.06294596517815014,0.0708644520706144,0.06828593138807236,85,27,13,54,75,82,REJECT,Mechanical screening failed (54.0 < 62)
P36,,1,2,True,2025-01-15 09:06:00,171,687,284,217,450,257,587,345,8,3,2,0.07928020039971248,0.07626923650189624,0.07601895023499443,68,39,12,64,77,62,ACCEPT,Accepted (score=65.2)
P36,,1,3,True,2025-01-15 09:09:00,209,691,303,80,376,357,452,467,8,3,2,0.0762563592582924,0.0778582993097891,0.05691902258853125,75,25,20,44,78,94,REJECT,Mechanical screening failed (44.0 < 62)
P36,,1,4,True,2025-01-15 09:12:00,191,628,265,180,538,312,502,431,8,3,2,0.0587045985311708,0.10937152102770849,0.08064516282202472,67,21,23,59,76,76,REJECT,Mechanical screening failed (59.0 < 62)
P36,,1,5,True,2025-01-15 09:15:00,192,664,276,218,364,413,552,284,8,3,2,0.05117158181521896,0.08528816588051781,0.05874340473972475,71,25,11,60,77,90,REJECT,Mechanical screening failed (60.0 < 62)
P36,,1,6,True,2025-01-15 09:18:00,144,676,282,260,555,376,522,303,8,3,2,0.07559734675554193,0.08102234036457695,0.04645585078709255,79,24,7,61,81,84,REJECT,Mechanical screening failed (61.0 < 62)
P36,,2,1,True,2025-01-17 09:03:00,162,654,274,141,578,353,531,338,8,3,2,0.04540555845243861,0.0707307691434308,0.06321911841966271,72,28,9,60,79,91,REJECT,Mechanical screening failed (60.0 < 62)
P36,,2,2,True,2025-01-17 09:06:00,146,666,260,125,447,340,555,336,8,3,2,0.05610795067318467,0.07559344198789246,0.056695811242318137,77,20,16,67,82,78,ACCEPT,Accepted (score=73.7)
P36,,2,3,True,2025-01-17 09:09:00,164,667,305,238,362,399,498,514,8,3,2,0.05442204468271246,0.07077548378731419,0.051243795373699066,72,26,14,56,77,94,REJECT,Mechanical screening failed (56.0 < 62)
P36,,2,4,True,2025-01-17 09:12:00,171,683,280,130,415,295,507,418,8,3,2,0.06075516508886364,0.11324718704375004,0.05311640011951791,72,30,22,70,77,86,ACCEPT,Accepted (score=77.4)
P36,,2,5,True,2025-01-17 09:15:00,168,723,290,50,460,395,531,411,8,3,2,0.06726355007980556,0.11723869133779243,0.05330393792091012,101,44,18,52,73,50,REJECT,Mechanical screening failed (52.0 < 62)
P36,,2,6,True,2025-01-17 09:18:00,195,645,268,238,473,299,466,397,8,3,2,0.06004415486799421,0.06857248602197587,0.06144178870795269,0,33,25,63,80,14,REJECT,Gap screening failed (14.0 < 38)
P36,,3,1,True,2025-01-21 09:03:00,160,676,260,78,505,390,437,329,8,3,2,0.05293898724038485,0.07136157780431931,0.058112586927019094,72,36,15,55,80,73,REJECT,Mechanical screening failed (55.0 < 62)
P36,,3,2,True,2025-01-21 09:06:00,173,639,264,316,469,386,482,352,8,3,2,0.048400699446713366,0.0908493085922807,0.06422123426159089,70,47,17,60,77,53,REJECT,Mechanical screening failed (60.0 < 62)
P36,,3,3,True,2025-01-21 09:09:00,167,661,288,194,428,260,457,443,8,3,2,0.044975903289593014,0.06720124754104496,0.047697839351991955,84,28,13,58,85,83,REJECT,Mechanical screening failed (58.0 < 62)
P36,,3,4,True,2025-01-21 09:12:00,196,638,265,283,296,490,441,417,8,3,2,0.08584075896240471,0.09582288766148143,0.052756538565103206,82,26,12,29,76,84,REJECT,Mechanical screening failed (29.0 < 62)
P36,,3,5,True,2025-01-21 09:15:00,198,681,266,226,511,372,344,526,8,3,2,0.048379941998786445,0.06374808095825102,0.046602887243305816,73,30,13,43,84,88,REJECT,Mechanical screening failed (43.0 < 62)
P36,,3,6,True,2025-01-21 09:18:00,195,655,315,189,333,469,440,491,8,3,2,0.051158215476642614,0.07187285226079604,0.06207736304306643,80,20,20,34,79,73,REJECT,Mechanical screening failed (34.0 < 62)
P36,,4,1,True,2025-01-28 09:03:00,160,679,245,276,342,411,530,547,8,3,2,0.044018459101166245,0.0668960096388597,0.05111551541549608,93,32,16,45,82,70,REJECT,Mechanical screening failed (45.0 < 62)
P36,,4,2,True,2025-01-28 09:06:00,156,650,248,310,281,308,521,443,8,3,2,0.05025298035092502,0.08447914138532778,0.04330495158600083,78,24,11,40,82,86,REJECT,Mechanical screening failed (40.0 < 62)
P36,,4,3,True,2025-01-28 09:09:00,167,676,311,273,566,408,431,371,8,3,2,0.051551150823555825,0.09385717143843467,0.05691163807405714,86,31,12,46,81,80,REJECT,Mechanical screening failed (46.0 < 62)
P36,,4,4,True,2025-01-28 09:12:00,196,620,284,203,314,216,476,341,8,3,2,0.06235840908183317,0.08565029126330577,0.052314167312104455,72,25,18,42,79,91,REJECT,Mechanical screening failed (42.0 < 62)
P36,,4,5,True,2025-01-28 09:15:00,161,684,265,257,496,303,591,357,8,3,2,0.07126776547042803,0.08187219596271132,0.07855085877899082,80,30,16,63,77,87,ACCEPT,Accepted (score=74.7)
P36,,4,6,True,2025-01-28 09:18:00,188,658,264,314,397,344,453,446,8,3,2,0.038027714762903356,0.06561520459093773,0.054337679092681015,86,20,7,55,81,65,REJECT,Mechanical screening failed (55.0 < 62)
P36,,5,1,True,2025-02-04 09:03:00,188,621,286,179,335,274,491,450,8,3,2,0.04862660205501894,0.06322480956230406,0.06904942449156355,96,29,12,52,82,66,REJECT,Mechanical screening failed (52.0 < 62)
P36,,5,2,True,2025-02-04 09:06:00,176,679,240,248,340,360,434,397,8,3,2,0.0478797205350684,0.06964612099297267,0.09366265818887663,69,21,18,55,79,78,REJECT,Mechanical screening failed (55.0 < 62)
P36,,5,3,True,2025-02-04 09:09:00,177,659,256,50,509,285,564,325,8,3,2,0.040183729865586965,0.07254766419602052,0.03818424026635608,93,31,5,39,84,70,REJECT,Mechanical screening failed (39.0 < 62)
P36,,5,4,True,2025-02-04 09:12:00,170,685,284,62,592,331,493,427,8,3,2,0.04765929448659834,0.11252805991461352,0.05834534879223566,85,38,20,44,77,66,REJECT,Mechanical screening failed (44.0 < 62)
P36,,5,5,True,2025-02-04 09:15:00,193,663,276,343,572,534,514,417,8,3,2,0.054917330892824905,0.06389872680704037,0.07289779405907654,65,28,9,28,80,78,REJECT,Mechanical screening failed (28.0 < 62)
P36,,5,6,True,2025-02-04 09:18:00,194,682,287,428,426,460,505,372,8,3,2,0.04381846074801057,0.07500444140521419,0.06681171986226153,67,29,18,53,78,79,REJECT,Mechanical screening failed (53.0 < 62)
P36,P10,99,0,False,2025-01-15 10:20:00,126,693,242,50,763,359,448,362,9,8,8,0.24049686286824687,0.2263140608734593,0.2359935309286724,49,20,13,40,44,31,REJECT,Gap screening failed (31.0 < 38)
P36,P10,99,0,False,2025-01-15 09:27:00,145,659,280,358,606,239,269,142,1,6,3,0.25691885875028,0.2301293703897185,0.2537442833979599,61,54,20,19,46,88,REJECT,Mechanical screening failed (19.0 < 62)
P36,P10,99,0,False,2025-01-15 09:33:00,87,660,275,179,217,175,347,551,2,1,9,0.27275272423809593,0.23499613855436138,0.2597368308160175,76,66,10,15,43,74,REJECT,Mechanical screening failed (15.0 < 62)
P36,P10,99,0,False,2025-01-15 10:24:00,102,622,225,227,441,256,491,105,2,5,0,0.24880555878028154,0.24446196635126913,0.24388023339390866,76,70,13,30,42,70,REJECT,Mechanical screening failed (30.0 < 62)
P36,P10,99,0,False,2025-01-15 09:10:00,109,658,259,411,533,497,641,302,4,2,2,0.25798056462038693,0.22654659903091218,0.2211222373496557,101,32,19,43,44,25,REJECT,Gap screening failed (25.0 < 38)
P36,P34,99,0,False,2025-01-15 09:20:00,141,688,399,50,230,50,195,162,0,9,6,0.35734968852493054,0.3165949369219559,0.2898333208258211,62,107,11,16,34,30,REJECT,Gap screening failed (30.0 < 38)
P36,P34,99,0,False,2025-01-15 09:30:00,165,681,443,197,419,182,471,128,1,4,0,0.31317573432947127,0.31147041937253617,0.3002254320250114,80,38,17,40,35,48,REJECT,Mechanical screening failed (40.0 < 62)
P36,P34,99,0,False,2025-01-15 09:22:00,113,732,369,415,384,197,521,499,3,6,8,0.3375322362175806,0.309995372612945,0.29143601724731244,93,91,15,32,35,52,REJECT,Mechanical screening failed (32.0 < 62)
P36,P34,99,0,False,2025-01-15 10:10:00,170,677,423,219,200,161,226,169,3,1,6,0.3299434187311074,0.3121560037943223,0.28901936344526785,93,114,18,26,37,33,REJECT,Gap screening failed (33.0 < 38)
P36,P34,99,0,False,2025-01-15 09:09:00,183,728,438,127,328,286,582,100,3,4,4,0.31020119013939834,0.3147430351097645,0.2954145224711954,59,20,15,25,35,25,REJECT,Gap screening failed (25.0 < 38)
P36,P32,99,0,False,2025-01-15 09:20:00,74,581,436,98,327,235,639,218,9,2,0,0.20190879155220792,0.2038994535189864,0.1897883482910613,73,39,25,32,49,42,REJECT,Mechanical screening failed (32.0 < 62)
P36,P32,99,0,False,2025-01-15 09:00:00,42,565,388,145,295,280,486,174,7,9,1,0.2233243872764164,0.19931665567950063,0.18761033542638006,75,20,25,52,53,36,REJECT,Gap screening failed (36.0 < 38)
P36,P32,99,0,False,2025-01-15 09:52:00,84,608,427,72,500,182,444,583,4,8,6,0.19309884800403873,0.2025310256460908,0.1833332917549712,20,20,20,29,50,61,REJECT,Mechanical screening failed (29.0 < 62)
P36,P32,99,0,False,2025-01-15 09:57:00,91,516,458,126,299,408,450,122,1,6,4,0.18756203019839818,0.2034403150333882,0.1898507479490515,41,40,15,34,53,63,REJECT,Mechanical screening failed (34.0 < 62)
P36,P32,99,0,False,2025-01-15 10:28:00,52,580,335,50,203,354,251,356,3,5,8,0.1898983670288904,0.2081712310521458,0.18684103724118964,46,40,18,14,50,61,REJECT,Mechanical screening failed (14.0 < 62)
P01,,1,1,True,2025-01-15 09:03:00,59,692,324,196,564,407,449,332,2,0,5,0.09506013215142911,0.06446507054869018,0.0644949734954231,77,56,33,57,81,81,REJECT,Mechanical screening failed (57.0 < 62)
P01,,1,2,True,2025-01-15 09:06:00,72,705,369,212,437,476,363,475,2,0,5,0.07760202482577781,0.07074748168793547,0.06978322251285904,85,45,33,33,78,56,REJECT,Mechanical screening failed (33.0 < 62)
P01,,1,3,True,2025-01-15 09:09:00,84,654,359,247,403,523,417,190,2,0,5,0.06389596483655463,0.06673415993007076,0.06800987535056553,77,65,29,36,80,93,REJECT,Mechanical screening failed (36.0 < 62)
P01,,1,4,True,2025-01-15 09:12:00,106,689,334,185,399,240,311,306,2,0,5,0.07675741996912407,0.07323068428460304,0.07453925419704859,52,62,40,44,78,53,REJECT,Mechanical screening failed (44.0 < 62)
P01,,1,5,True,2025-01-15 09:15:00,63,613,348,195,373,358,400,501,2,0,5,0.03860697931465092,0.0684418005290871,0.06513800253654904,71,61,30,56,83,82,REJECT,Mechanical screening failed (56.0 < 62)
P01,,1,6,True,2025-01-15 09:18:00,87,761,347,226,416,308,457,319,2,0,5,0.08287355814081877,0.11917358732877545,0.06900437251344226,75,64,26,63,73,91,ACCEPT,Accepted (score=75.7)
P01,,2,1,True,2025-01-17 09:03:00,79,641,382,282,519,419,425,326,2,0,5,0.04971463448638179,0.07232052883931482,0.06936994355918934,94,46,35,51,80,48,REJECT,Mechanical screening failed (51.0 < 62)
P01,,2,2,True,2025-01-17 09:06:00,52,679,334,225,556,391,469,350,2,0,5,0.04782773338928341,0.12592552562332496,0.059521799582115245,71,113,23,61,76,30,REJECT,Gap screening failed (30.0 < 38)
P01,,2,3,True,2025-01-17 09:09:00,80,664,329,258,569,288,367,412,2,0,5,0.05345507295854607,0.0858207701485484,0.0670725942057852,82,72,28,39,77,81,REJECT,Mechanical screening failed (39.0 < 62)
P01,,2,4,True,2025-01-17 09:12:00,120,716,353,66,473,289,325,442,2,0,5,0.08354699208736459,0.08457388617024461,0.062438702809937616,89,58,31,35,81,70,REJECT,Mechanical screening failed (35.0 < 62)
P01,,2,5,True,2025-01-17 09:15:00,36,685,339,229,501,311,387,435,2,0,5,0.05697948793438129,0.0731078704688516,0.06443164931178953,34,45,30,46,82,30,REJECT,Gap screening failed (30.0 < 38)
P01,,2,6,True,2025-01-17 09:18:00,104,749,359,284,428,390,437,337,2,0,5,0.13458467763848667,0.07296813928837444,0.0669992942397952,110,73,35,55,73,50,REJECT,Mechanical screening failed (55.0 < 62)
P01,,3,1,True,2025-01-21 09:03:00,101,717,356,151,383,309,353,400,2,0,5,0.05997754166481459,0.06407609414499658,0.06041523417411418,105,51,24,51,78,43,REJECT,Mechanical screening failed (51.0 < 62)
P01,,3,2,True,2025-01-21 09:06:00,50,670,372,303,447,417,546,286,2,1,5,0.06837806456163766,0.14516456206977196,0.06562348947900859,64,62,24,53,72,70,REJECT,Mechanical screening failed (53.0 < 62)
P01,,3,3,True,2025-01-21 09:09:00,117,783,316,125,360,358,469,419,2,0,5,0.04535957106031956,0.06717727646343355,0.0690193786360639,124,20,26,44,80,14,REJECT,Gap screening failed (14.0 < 38)
P01,,3,4,True,2025-01-21 09:12:00,63,670,381,247,424,539,331,277,2,0,5,0.05787494865254383,0.07480384236525868,0.06061414790336126,68,55,23,38,81,75,REJECT,Mechanical screening failed (38.0 < 62)
P01,,3,5,True,2025-01-21 09:15:00,69,662,352,271,484,333,551,208,2,0,5,0.08334359979535583,0.06947250135974135,0.06681016702542332,83,33,26,49,78,44,REJECT,Mechanical screening failed (49.0 < 62)
P01,,3,6,True,2025-01-21 09:18:00,60,618,362,84,521,323,514,253,2,0,5,0.05352585043663058,0.07240172918666851,0.07434833470988224,67,49,38,43,81,64,REJECT,Mechanical screening failed (43.0 < 62)
P01,,4,1,True,2025-01-28 09:03:00,71,659,369,211,428,394,537,397,2,0,5,0.06404973736008501,0.07408870102131418,0.07391560619738197,72,68,28,70,78,78,ACCEPT,Accepted (score=74.4)
P01,,4,2,True,2025-01-28 09:06:00,86,677,335,246,333,336,453,457,2,0,5,0.060919102245183085,0.06821606810084971,0.07356177454919272,72,72,30,61,82,71,REJECT,Mechanical screening failed (61.0 < 62)
P01,,4,3,True,2025-01-28 09:09:00,78,673,374,135,419,398,448,415,2,0,5,0.1328548686084869,0.07160680931745785,0.06878641875527994,92,57,37,67,76,65,ACCEPT,Accepted (score=67.6)
P01,,4,4,True,2025-01-28 09:12:00,104,679,337,121,407,487,372,301,2,0,5,0.052685100057887756,0.0945732515986331,0.07018312212716393,105,94,35,48,80,44,REJECT,Mechanical screening failed (48.0 < 62)
P01,,4,5,True,2025-01-28 09:15:00,53,729,331,151,373,425,495,425,2,0,5,0.09914845307998266,0.07378095756454113,0.06349295720330067,68,72,32,45,76,65,REJECT,Mechanical screening failed (45.0 < 62)
P01,,4,6,True,2025-01-28 09:18:00,84,652,301,329,485,344,195,260,2,0,5,0.04412317891114751,0.06779164853736246,0.06064291010188529,62,50,30,33,82,65,REJECT,Mechanical screening failed (33.0 < 62)
P01,,5,1,True,2025-02-04 09:03:00,98,694,326,211,338,464,636,368,2,0,5,0.05298374983025144,0.07403222715330038,0.06210237924396812,82,47,31,32,80,63,REJECT,Mechanical screening failed (32.0 < 62)
P01,,5,2,True,2025-02-04 09:06:00,142,723,367,141,459,311,579,283,2,0,5,0.0442000841720468,0.06982495414369203,0.06251289239875793,79,114,21,44,80,35,REJECT,Gap screening failed (35.0 < 38)
P01,,5,3,True,2025-02-04 09:09:00,87,715,349,334,336,360,370,256,2,0,5,0.0660856848136212,0.07004774377308165,0.071764155505354,71,28,31,47,77,37,REJECT,Gap screening failed (37.0 < 38)
P01,,5,4,True,2025-02-04 09:12:00,102,654,356,119,328,303,541,251,2,0,5,0.06290601215685244,0.0683129009678963,0.0636899830762374,112,73,30,46,77,48,REJECT,Mechanical screening failed (46.0 < 62)
P01,,5,5,True,2025-02-04 09:15:00,92,704,344,171,363,285,548,353,2,0,5,0.11832515577540716,0.07367085114815358,0.061800546563349816,53,65,27,57,77,54,REJECT,Mechanical screening failed (57.0 < 62)
P01,,5,6,True,2025-02-04 09:18:00,81,668,377,341,462,329,445,381,2,0,5,0.08984959615191847,0.11136408301304362,0.06554492701950303,102,88,25,59,71,51,REJECT,Mechanical screening failed (59.0 < 62)
P01,P21,99,0,False,2025-01-15 10:16:00,130,518,423,289,555,539,584,284,8,7,5,0.13699069983153203,0.15362313679207548,0.13481868208774014,91,88,12,16,62,27,REJECT,Gap screening failed (27.0 < 38)
P01,P21,99,0,False,2025-01-15 10:00:00,163,667,360,278,567,205,525,241,1,1,9,0.13047413508814173,0.16832643961315782,0.149229634938555,20,77,17,22,63,35,REJECT,Gap screening failed (35.0 < 38)
P01,P21,99,0,False,2025-01-15 09:37:00,117,653,410,50,286,459,675,103,9,2,7,0.12518005055282824,0.16051560047196387,0.12857705821724194,60,44,20,13,61,49,REJECT,Mechanical screening failed (13.0 < 62)
P01,P21,99,0,False,2025-01-15 09:04:00,213,661,367,84,96,331,575,100,4,6,3,0.13421865184539059,0.15934153141248522,0.13533864954988561,27,56,26,20,62,65,REJECT,Mechanical screening failed (20.0 < 62)
P01,P21,99,0,False,2025-01-15 09:29:00,147,582,464,125,407,335,560,100,3,1,7,0.13720979743756964,0.16358223537332467,0.14280382042803266,87,43,26,25,57,27,REJECT,Gap screening failed (27.0 < 38)
P01,P31,99,0,False,2025-01-15 09:36:00,172,699,506,50,416,350,595,611,5,7,9,0.14716871281948316,0.15146373134311567,0.13464441411527037,30,34,23,14,62,59,REJECT,Mechanical screening failed (14.0 < 62)
P01,P31,99,0,False,2025-01-15 10:30:00,201,712,374,620,522,315,519,100,9,2,2,0.16432660045717778,0.14779253834626052,0.16637070183337402,20,83,6,23,59,37,REJECT,Gap screening failed (37.0 < 38)
P01,P31,99,0,False,2025-01-15 09:36:00,174,575,473,347,135,437,607,406,3,7,8,0.1510149886416336,0.12454063242304256,0.15944405029895367,21,77,19,14,59,42,REJECT,Mechanical screening failed (14.0 < 62)
P01,P31,99,0,False,2025-01-15 10:29:00,123,536,404,260,202,183,599,147,7,0,2,0.15509855670675238,0.1471803882248596,0.14220941974395107,20,46,19,46,58,61,REJECT,Mechanical screening failed (46.0 < 62)
P01,P31,99,0,False,2025-01-15 10:50:00,86,597,440,131,590,586,717,135,7,4,6,0.1752461299621654,0.14999127429464176,0.14760722785420619,32,65,23,13,59,73,REJECT,Mechanical screening failed (13.0 < 62)
P01,P24,99,0,False,2025-01-15 09:58:00,86,560,210,361,396,307,444,671,5,6,2,0.17758110431244087,0.18230626454053897,0.16541346540766907,63,58,27,16,57,55,REJECT,Mechanical screening failed (16.0 < 62)
P01,P24,99,0,False,2025-01-15 09:09:00,97,560,355,50,323,301,671,493,9,4,9,0.19055199589071095,0.18343741573261835,0.18126510495523954,81,46,29,29,53,79,REJECT,Mechanical screening failed (29.0 < 62)
P01,P24,99,0,False,2025-01-15 10:27:00,161,611,314,376,541,50,521,194,7,5,4,0.1810809174447925,0.18117028894067744,0.17055959508086088,42,40,21,13,56,50,REJECT,Mechanical screening failed (13.0 < 62)
P01,P24,99,0,False,2025-01-15 09:29:00,119,479,381,213,492,304,725,322,2,8,2,0.17096079835949163,0.18214846473646382,0.16780947134829013,28,68,14,21,59,20,REJECT,Gap screening failed (20.0 < 38)
P01,P24,99,0,False,2025-01-15 10:58:00,134,525,285,309,492,192,632,214,2,9,4,0.16592063870081675,0.18105376081562577,0.1794253248200628,38,47,16,27,56,39,REJECT,Mechanical screening failed (27.0 < 62)
P44,,1,1,True,2025-01-15 09:03:00,176,527,278,318,371,320,521,183,7,8,2,0.06895551722477636,0.08398296906031359,0.08246085331581683,42,76,21,61,78,61,REJECT,Mechanical screening failed (61.0 < 62)
P44,,1,2,True,2025-01-15 09:06:00,164,510,313,244,377,271,534,243,7,8,2,0.07085603641251242,0.08616625787560282,0.06915876246303607,40,58,28,76,74,85,ACCEPT,Accepted (score=79.3)
P44,,1,3,True,2025-01-15 09:09:00,170,483,302,162,337,355,519,288,7,8,2,0.06796126836919923,0.09846876158730787,0.06750190337372593,48,41,20,62,74,62,ACCEPT,Accepted (score=63.8)
P44,,1,4,True,2025-01-15 09:12:00,183,550,294,179,438,317,598,249,7,8,2,0.08152919595500215,0.1005998335908051,0.07703598856405305,51,77,25,73,73,60,ACCEPT,Accepted (score=67.8)
P44,,1,5,True,2025-01-15 09:15:00,184,538,297,243,510,425,506,198,7,8,2,0.09334725701634951,0.07372122583084317,0.06710007946345466,56,61,27,63,76,71,ACCEPT,Accepted (score=68.2)
P44,,1,6,True,2025-01-15 09:18:00,176,563,329,228,411,252,562,295,7,8,2,0.06257649937953376,0.0807519361095226,0.06850766621084652,45,51,19,65,79,86,ACCEPT,Accepted (score=75.5)
P44,,2,1,True,2025-01-17 09:03:00,151,526,312,265,347,353,533,143,7,8,2,0.058927896071392774,0.11487198246010834,0.06307439335461129,35,62,20,64,75,68,ACCEPT,Accepted (score=67.2)
P44,,2,2,True,2025-01-17 09:06:00,192,534,326,171,497,449,458,296,7,8,2,0.06018938883194352,0.07277428893983,0.06702118934913964,45,60,23,46,79,90,REJECT,Mechanical screening failed (46.0 < 62)
P44,,2,3,True,2025-01-17 09:09:00,178,532,296,110,342,396,518,226,7,8,2,0.06119062794064468,0.0968076918687634,0.08123810992196995,52,48,21,52,78,67,REJECT,Mechanical screening failed (52.0 < 62)
P44,,2,4,True,2025-01-17 09:12:00,184,516,298,262,467,293,580,223,7,8,2,0.08160478235195645,0.07636303539505701,0.0714320119668359,27,44,31,71,79,57,ACCEPT,Accepted (score=66.6)
P44,,2,5,True,2025-01-17 09:15:00,175,548,301,202,450,281,458,238,7,8,2,0.053091390697944205,0.10855620899877269,0.07527444567328835,55,78,19,72,78,58,ACCEPT,Accepted (score=67.3)
P44,,2,6,True,2025-01-17 09:18:00,175,520,309,243,432,322,589,333,7,8,2,0.055524522014085094,0.07785581455754714,0.08153041771840207,57,52,20,76,80,66,ACCEPT,Accepted (score=72.6)
P44,,3,1,True,2025-01-21 09:03:00,186,546,313,265,416,441,509,259,7,8,2,0.06212215875896145,0.1315940672343462,0.0730593045927416,41,57,26,74,74,90,ACCEPT,Accepted (score=80.4)
P44,,3,2,True,2025-01-21 09:06:00,159,489,288,275,445,317,516,129,7,8,2,0.056217327680107496,0.08083845198479886,0.08613214074244085,23,71,22,63,77,41,REJECT,Weighted check failed (score=56.3 < 60)
P44,,3,3,True,2025-01-21 09:09:00,122,556,283,314,388,277,522,298,7,8,2,0.09650105732926632,0.08010082689152133,0.06525317560950027,45,37,16,54,76,60,REJECT,Mechanical screening failed (54.0 < 62)
P44,,3,4,True,2025-01-21 09:12:00,162,519,309,171,420,281,578,312,7,8,2,0.05178736396162329,0.10373703964420201,0.08079166125626024,0,39,18,68,76,22,REJECT,Gap screening failed (22.0 < 38)
P44,,3,5,True,2025-01-21 09:15:00,133,540,278,334,498,306,571,220,7,8,2,0.054420453062372885,0.07625207152112863,0.07116719162528444,41,48,17,52,77,81,REJECT,Mechanical screening failed (52.0 < 62)
P44,,3,6,True,2025-01-21 09:18:00,163,549,318,281,354,316,368,246,7,8,2,0.05799854383100869,0.08114026503721213,0.06275419601439389,66,39,14,55,78,39,REJECT,Mechanical screening failed (55.0 < 62)
P44,,4,1,True,2025-01-28 09:03:00,173,548,292,140,365,425,420,226,7,8,2,0.10538888492410901,0.08756035722139648,0.07948255846652255,63,62,32,48,72,60,REJECT,Mechanical screening failed (48.0 < 62)
P44,,4,2,True,2025-01-28 09:06:00,179,533,294,222,504,360,612,208,7,8,2,0.05786225243498355,0.08516908689055397,0.0649779715189304,34,65,15,63,78,62,ACCEPT,Accepted (score=64.8)
P44,,4,3,True,2025-01-28 09:09:00,181,495,269,313,455,286,423,245,7,8,2,0.08613569035050798,0.07210248895583656,0.06167239576773352,53,44,23,50,77,59,REJECT,Mechanical screening failed (50.0 < 62)
P44,,4,4,True,2025-01-28 09:12:00,164,534,315,215,508,284,369,227,7,8,2,0.08172473156350821,0.10181845410571064,0.09789328938473925,51,42,33,48,74,59,REJECT,Mechanical screening failed (48.0 < 62)
P44,,4,5,True,2025-01-28 09:15:00,161,498,308,362,489,343,576,256,7,8,2,0.058899435410780486,0.08298221127014337,0.06461318992450317,33,52,21,59,79,72,REJECT,Mechanical screening failed (59.0 < 62)
P44,,4,6,True,2025-01-28 09:18:00,149,545,302,188,421,336,505,178,7,8,2,0.07122721060132077,0.07711058602952017,0.08706612332188693,40,74,19,70,76,60,ACCEPT,Accepted (score=66.9)
P44,,5,1,True,2025-02-04 09:03:00,185,562,313,182,398,357,443,179,7,8,2,0.06679100507122476,0.1035210646288852,0.06708047186794598,25,69,20,60,77,45,REJECT,Mechanical screening failed (60.0 < 62)
P44,,5,2,True,2025-02-04 09:06:00,172,502,286,257,430,178,659,165,7,8,2,0.09562561803192185,0.08879047909749782,0.07144432073118677,36,48,23,27,77,77,REJECT,Mechanical screening failed (27.0 < 62)
P44,,5,3,True,2025-02-04 09:09:00,199,542,278,226,407,354,509,250,7,8,2,0.05876475867686286,0.10006981044103647,0.06713344614998142,47,57,24,82,79,91,ACCEPT,Accepted (score=85.2)
P44,,5,4,True,2025-02-04 09:12:00,158,517,279,141,498,371,486,259,7,8,2,0.06628367535551012,0.09279468233563598,0.067394029530284,68,72,29,60,78,51,REJECT,Mechanical screening failed (60.0 < 62)
P44,,5,5,True,2025-02-04 09:15:00,196,546,290,346,443,434,543,261,7,8,2,0.05927101628252623,0.07064691632596372,0.0651000540546304,69,75,20,59,79,49,REJECT,Mechanical screening failed (59.0 < 62)
P44,,5,6,True,2025-02-04 09:18:00,143,552,246,194,410,413,581,320,7,8,2,0.062063179487003774,0.10990484202378413,0.0692831469189326,48,72,31,49,77,68,REJECT,Mechanical screening failed (49.0 < 62)
P44,P10,99,0,False,2025-01-15 09:33:00,160,696,243,148,539,476,341,286,4,4,7,0.22446342544638206,0.23703170548643038,0.20753819071759166,83,22,15,49,47,28,REJECT,Gap screening failed (28.0 < 38)
P44,P10,99,0,False,2025-01-15 10:40:00,122,682,201,283,638,348,607,257,0,6,0,0.26217794932558447,0.18698260203807615,0.27028552481481144,52,24,12,32,48,36,REJECT,Gap screening failed (36.0 < 38)
P44,P10,99,0,False,2025-01-15 10:41:00,154,644,213,228,285,153,809,305,6,0,2,0.2391065219636846,0.2400618693566059,0.27994929619413816,56,101,13,16,42,32,REJECT,Gap screening failed (32.0 < 38)
P44,P10,99,0,False,2025-01-15 10:20:00,156,689,226,50,558,333,381,184,8,0,3,0.22994607331836556,0.20357518971484176,0.265678156927584,76,71,13,38,44,69,REJECT,Mechanical screening failed (38.0 < 62)
P44,P10,99,0,False,2025-01-15 10:15:00,154,682,199,257,199,315,100,244,1,1,3,0.21117742335427844,0.1976514126783324,0.22292824218845633,74,66,14,17,47,78,REJECT,Mechanical screening failed (17.0 < 62)
P44,P21,99,0,False,2025-01-15 10:24:00,101,583,418,100,397,222,753,410,8,7,8,0.2872228658127214,0.2081485333444079,0.183310838697407,20,47,21,30,49,51,REJECT,Mechanical screening failed (30.0 < 62)
P44,P21,99,0,False,2025-01-15 10:42:00,150,684,413,197,571,328,274,353,2,7,8,0.23444488574599237,0.21571967524004387,0.22498018697040664,46,50,19,44,47,79,REJECT,Mechanical screening failed (44.0 < 62)
P44,P21,99,0,False,2025-01-15 10:59:00,119,672,383,99,334,349,229,357,4,2,3,0.16912802847077965,0.21848520794258866,0.22463608240173685,75,0,24,37,48,13,REJECT,Gap screening failed (13.0 < 38)
P44,P21,99,0,False,2025-01-15 09:25:00,110,696,362,153,738,133,448,319,8,6,2,0.2002543436225846,0.2025614375498721,0.2107686358842785,62,117,22,38,53,26,REJECT,Gap screening failed (26.0 < 38)
P44,P21,99,0,False,2025-01-15 09:54:00,128,607,392,184,244,340,665,331,5,5,3,0.26606262127357866,0.2815091846744003,0.2637576630087251,20,75,28,37,37,36,REJECT,Gap screening failed (36.0 < 38)
P44,P24,99,0,False,2025-01-15 09:14:00,165,539,331,146,490,390,414,541,8,6,7,0.20044445236050207,0.22049462209065712,0.2003228076242305,100,21,19,24,47,33,REJECT,Gap screening failed (33.0 < 38)
P44,P24,99,0,False,2025-01-15 10:09:00,47,485,323,202,666,277,304,529,2,6,3,0.19299568122850683,0.21255387089356065,0.18136213715051852,43,0,20,37,51,20,REJECT,Gap screening failed (20.0 < 38)
P44,P24,99,0,False,2025-01-15 09:28:00,161,558,372,50,279,298,487,477,4,0,9,0.1884909948458167,0.2553485853436359,0.2291768191728786,20,57,32,21,44,20,REJECT,Gap screening failed (20.0 < 38)
P44,P24,99,0,False,2025-01-15 10:22:00,111,645,306,375,597,205,509,451,0,6,8,0.24020117014139414,0.20542658712943898,0.2659149900302284,82,28,15,39,43,56,REJECT,Mechanical screening failed (39.0 < 62)
P44,P24,99,0,False,2025-01-15 09:19:00,116,467,302,243,350,152,405,483,0,1,1,0.20074015433502998,0.2002472840910699,0.27220365149813464,105,20,28,43,47,29,REJECT,Gap screening failed (29.0 < 38)
P19,,1,1,True,2025-01-15 09:03:00,121,579,287,209,272,270,520,100,2,3,3,0.04481142858838345,0.12488506281494517,0.06801277739097028,24,74,30,53,77,69,REJECT,Mechanical screening failed (53.0 < 62)
P19,,1,2,True,2025-01-15 09:06:00,134,581,227,98,464,183,656,311,2,3,3,0.04573659308579504,0.06846623761058276,0.05128902514026571,32,70,23,47,83,83,REJECT,Mechanical screening failed (47.0 < 62)
P19,,1,3,True,2025-01-15 09:09:00,134,625,252,207,341,250,503,268,2,3,3,0.04310224056868847,0.07129808557816278,0.05193331945136316,39,62,22,65,83,73,ACCEPT,Accepted (score=70.9)
P19,,1,4,True,2025-01-15 09:12:00,165,575,260,276,376,365,561,336,2,3,3,0.07294394472445422,0.1449591461184036,0.06355083249713131,20,43,29,47,73,67,REJECT,Mechanical screening failed (47.0 < 62)
P19,,1,5,True,2025-01-15 09:15:00,131,601,284,320,350,164,534,294,2,3,3,0.04454394005949742,0.07077329886241078,0.058718221907309055,27,75,21,45,81,73,REJECT,Mechanical screening failed (45.0 < 62)
P19,,1,6,True,2025-01-15 09:18:00,123,594,257,350,329,235,554,420,2,3,3,0.048138323755129386,0.07370951812130333,0.05389442676112753,21,60,23,43,83,79,REJECT,Mechanical screening failed (43.0 < 62)
P19,,2,1,True,2025-01-17 09:03:00,152,559,301,196,442,287,525,364,2,3,3,0.04350584988689878,0.07358888900431142,0.062434394882359225,27,57,26,54,81,89,REJECT,Mechanical screening failed (54.0 < 62)
P19,,2,2,True,2025-01-17 09:06:00,155,529,254,213,436,219,530,285,2,3,3,0.042590451803426854,0.08346266706057219,0.05177700478574404,20,49,15,63,80,70,ACCEPT,Accepted (score=68.3)
P19,,2,3,True,2025-01-17 09:09:00,133,621,265,211,335,243,540,363,2,3,3,0.04462820608181766,0.07215851183761779,0.058459831534753114,26,73,23,68,78,74,ACCEPT,Accepted (score=71.9)
P19,,2,4,True,2025-01-17 09:12:00,138,586,239,199,343,212,594,341,2,3,3,0.08000786623982245,0.1137834605228795,0.0535377435416296,26,55,24,67,75,85,ACCEPT,Accepted (score=75.4)
P19,,2,5,True,2025-01-17 09:15:00,109,612,238,303,399,228,553,379,2,3,3,0.04979055937155913,0.09198306469378266,0.06525300495573878,21,66,25,48,75,74,REJECT,Mechanical screening failed (48.0 < 62)
P19,,2,6,True,2025-01-17 09:18:00,122,566,236,304,495,205,520,139,2,3,3,0.06866871196061573,0.07534647835376165,0.062022876947830916,22,62,26,41,80,83,REJECT,Mechanical screening failed (41.0 < 62)
P19,,3,1,True,2025-01-21 09:03:00,91,573,217,176,398,332,542,372,2,3,3,0.13581683597297584,0.09419113577829129,0.05942848930100834,29,59,24,42,72,90,REJECT,Mechanical screening failed (42.0 < 62)
P19,,3,2,True,2025-01-21 09:06:00,137,589,253,208,412,274,525,367,2,3,3,0.044476188561569076,0.08280485342246877,0.0517885404281826,40,69,12,71,78,67,ACCEPT,Accepted (score=70.5)
P19,,3,3,True,2025-01-21 09:09:00,130,589,287,148,394,260,537,317,2,3,3,0.04036639371614904,0.0616552628569657,0.06082622292198081,29,59,21,73,82,90,ACCEPT,Accepted (score=81.2)
P19,,3,4,True,2025-01-21 09:12:00,116,615,257,288,336,109,528,181,2,3,3,0.04712030064223522,0.11581481856040181,0.0683927675495879,22,50,26,33,77,76,REJECT,Mechanical screening failed (33.0 < 62)
P19,,3,5,True,2025-01-21 09:15:00,130,592,247,280,390,228,617,194,2,3,3,0.04171757071079717,0.08687907752592298,0.07702989977074672,34,77,23,63,81,73,ACCEPT,Accepted (score=69.7)
P19,,3,6,True,2025-01-21 09:18:00,119,599,246,149,340,132,642,177,2,3,3,0.05342219263658812,0.07554883022189272,0.06449050520245132,27,57,35,37,79,89,REJECT,Mechanical screening failed (37.0 < 62)
P19,,4,1,True,2025-01-28 09:03:00,127,572,249,176,447,347,539,385,2,3,3,0.045788954417075006,0.07304193006962362,0.05972177430926417,24,54,25,54,82,83,REJECT,Mechanical screening failed (54.0 < 62)
P19,,4,2,True,2025-01-28 09:06:00,140,601,250,213,545,140,642,352,2,3,3,0.052448029203499676,0.07717155913597254,0.06452262518448433,33,64,37,41,79,85,REJECT,Mechanical screening failed (41.0 < 62)
P19,,4,3,True,2025-01-28 09:09:00,125,561,269,226,470,298,536,269,2,3,3,0.04921561641896056,0.06602990689509504,0.06481935338000115,20,70,28,81,84,66,ACCEPT,Accepted (score=75.5)
P19,,4,4,True,2025-01-28 09:12:00,125,578,249,260,387,211,737,238,2,3,3,0.04438262268053498,0.06772557102184601,0.05902777287942452,35,61,22,58,82,80,REJECT,Mechanical screening failed (58.0 < 62)
P19,,4,5,True,2025-01-28 09:15:00,148,519,263,101,385,214,552,326,2,3,3,0.03992740659387496,0.07058544838876378,0.06363275246914635,21,60,17,47,84,79,REJECT,Mechanical screening failed (47.0 < 62)
P19,,4,6,True,2025-01-28 09:18:00,110,593,266,229,543,187,604,166,2,3,3,0.11807785980718545,0.07296896761283791,0.06356073931290664,27,0,24,54,78,21,REJECT,Gap screening failed (21.0 < 38)
P19,,5,1,True,2025-02-04 09:03:00,134,619,282,249,304,212,562,216,2,3,3,0.0445056360466849,0.0751378715380293,0.060796797884365705,39,49,27,61,78,55,REJECT,Mechanical screening failed (61.0 < 62)
P19,,5,2,True,2025-02-04 09:06:00,147,572,269,262,465,128,715,238,2,3,3,0.04802609244565663,0.07248025228220224,0.07350122562826629,29,79,31,41,80,70,REJECT,Mechanical screening failed (41.0 < 62)
P19,,5,3,True,2025-02-04 09:09:00,151,561,256,138,511,250,515,495,2,3,3,0.04492888360862303,0.07158438442561145,0.057529826602908285,27,50,31,47,83,76,REJECT,Mechanical screening failed (47.0 < 62)
P19,,5,4,True,2025-02-04 09:12:00,103,565,257,141,466,298,702,172,2,3,3,0.08443766291962827,0.10768556803560263,0.05608546730298135,42,60,25,47,77,65,REJECT,Mechanical screening failed (47.0 < 62)
P19,,5,5,True,2025-02-04 09:15:00,146,571,250,153,412,169,638,268,2,3,3,0.044828904549670284,0.07231430120028993,0.07292953498776322,38,70,23,64,78,70,ACCEPT,Accepted (score=68.5)
P19,,5,6,True,2025-02-04 09:18:00,117,549,265,85,381,175,596,205,2,3,3,0.0482879502066968,0.0676487740902267,0.07457747412774879,26,58,19,44,81,91,REJECT,Mechanical screening failed (44.0 < 62)
P19,P29,99,0,False,2025-01-15 10:56:00,138,600,284,236,555,480,595,147,1,4,9,0.24400763673421288,0.1946900429559072,0.21262263993243444,49,58,25,31,50,63,REJECT,Mechanical screening failed (31.0 < 62)
P19,P29,99,0,False,2025-01-15 09:34:00,182,610,239,50,632,249,453,220,9,2,3,0.16405569328087097,0.2648624600454329,0.18062509532499088,54,89,37,29,51,53,REJECT,Mechanical screening failed (29.0 < 62)
P19,P29,99,0,False,2025-01-15 10:45:00,115,638,218,139,468,67,529,329,7,3,0,0.19252454220732712,0.24341915865276545,0.21854813830656067,89,106,35,48,48,44,REJECT,Mechanical screening failed (48.0 < 62)
P19,P29,99,0,False,2025-01-15 09:18:00,121,599,227,50,50,321,773,127,4,1,5,0.22570421281079053,0.33877802541067603,0.22824951480144912,81,31,27,27,44,27,REJECT,Gap screening failed (27.0 < 38)
P19,P29,99,0,False,2025-01-15 09:09:00,0,627,266,306,537,489,792,100,0,7,6,0.24654944282451444,0.2182657023477172,0.22709436911996497,118,69,28,12,44,32,REJECT,Gap screening failed (32.0 < 38)
P19,P32,99,0,False,2025-01-15 09:07:00,98,559,404,192,364,141,372,601,1,4,2,0.28678720063587715,0.234209881093167,0.22724891696231575,20,20,27,20,43,61,REJECT,Mechanical screening failed (20.0 < 62)
P19,P32,99,0,False,2025-01-15 09:21:00,54,522,459,240,240,115,569,175,8,2,6,0.3146377508617692,0.2556551526390379,0.2641069907752295,59,39,24,15,40,58,REJECT,Mechanical screening failed (15.0 < 62)
P19,P32,99,0,False,2025-01-15 10:41:00,67,608,367,227,354,242,100,165,6,1,3,0.173966721988283,0.31989472740421937,0.23549437288886832,87,33,19,25,43,31,REJECT,Gap screening failed (31.0 < 38)
P19,P32,99,0,False,2025-01-15 09:39:00,128,596,328,187,483,201,427,375,9,8,2,0.30571660779566123,0.3310065864532968,0.3249146550324171,20,32,25,33,33,52,REJECT,Voice screening failed (33.0 < 34)
P19,P32,99,0,False,2025-01-15 10:16:00,88,641,411,284,156,147,638,520,7,4,1,0.28388353994929744,0.23338509581936237,0.2366549428548615,37,87,18,15,44,23,REJECT,Gap screening failed (23.0 < 38)
P19,P13,99,0,False,2025-01-15 10:35:00,154,643,440,356,257,50,612,482,7,2,2,0.2532829023046895,0.21483844008875547,0.3934848238280032,107,62,17,12,39,43,REJECT,Mechanical screening failed (12.0 < 62)
P19,P13,99,0,False,2025-01-15 10:45:00,151,589,450,50,457,342,447,100,3,5,1,0.2711569962597469,0.42153950951567953,0.3961186786977752,64,68,24,18,31,66,REJECT,Voice screening failed (31.0 < 34)
P19,P13,99,0,False,2025-01-15 10:12:00,169,698,345,370,301,273,126,527,2,9,6,0.3476537000118422,0.29190114495415714,0.28067485726751706,67,74,14,15,36,74,REJECT,Mechanical screening failed (15.0 < 62)
P19,P13,99,0,False,2025-01-15 10:57:00,127,634,365,50,509,179,794,302,2,7,5,0.25002798789640285,0.2867603542905526,0.39326899383460784,58,146,22,24,36,15,REJECT,Gap screening failed (15.0 < 38)
P19,P13,99,0,False,2025-01-15 09:36:00,160,652,397,216,279,244,370,216,3,3,5,0.30978772318277303,0.3578026815232889,0.3239016808565483,95,81,24,44,34,69,REJECT,Mechanical screening failed (44.0 < 62)
P34,,1,1,True,2025-01-15 09:03:00,121,669,384,144,351,296,592,327,4,3,3,0.0769902975173283,0.08919178455244549,0.06925330036448,78,71,10,59,76,88,REJECT,Mechanical screening failed (59.0 < 62)
P34,,1,2,True,2025-01-15 09:06:00,118,679,408,107,420,107,540,316,4,3,3,0.06509084189770309,0.08531411051217982,0.08692136018864677,75,57,15,52,74,79,REJECT,Mechanical screening failed (52.0 < 62)
P34,,1,3,True,2025-01-15 09:09:00,112,731,404,111,453,144,563,322,4,3,3,0.052378815165372315,0.08429111813739486,0.09234186586021781,73,62,11,45,74,88,REJECT,Mechanical screening failed (45.0 < 62)
P34,,1,4,True,2025-01-15 09:12:00,141,675,397,62,530,463,526,329,4,3,3,0.05542224930164076,0.07814377202479422,0.06858627599662409,81,58,18,25,80,76,REJECT,Mechanical screening failed (25.0 < 62)
P34,,1,5,True,2025-01-15 09:15:00,105,682,390,150,385,204,520,433,4,3,3,0.11760529177322222,0.08304338878478514,0.08500761641421219,86,67,9,59,74,82,REJECT,Mechanical screening failed (59.0 < 62)
P34,,1,6,True,2025-01-15 09:18:00,114,702,395,261,408,117,479,233,4,3,3,0.04547405812298938,0.11063613167317489,0.08248187334785356,89,51,5,51,77,55,REJECT,Mechanical screening failed (51.0 < 62)
P34,,2,1,True,2025-01-17 09:03:00,165,686,358,54,365,257,569,301,4,3,3,0.050814175422879165,0.13065862075933965,0.09877476223781621,72,69,14,56,75,83,REJECT,Mechanical screening failed (56.0 < 62)
P34,,2,2,True,2025-01-17 09:06:00,148,710,412,50,443,50,548,324,4,3,3,0.0813275016681918,0.09856407650618199,0.08475301482646422,59,68,11,34,74,64,REJECT,Mechanical screening failed (34.0 < 62)
P34,,2,3,True,2025-01-17 09:09:00,183,742,376,337,280,221,569,296,4,3,3,0.07266241401493857,0.10121158599745766,0.12966711642070955,73,72,16,42,73,80,REJECT,Mechanical screening failed (42.0 < 62)
P34,,2,4,True,2025-01-17 09:12:00,139,661,392,226,593,294,504,316,4,3,3,0.08526674912527893,0.09680924929558503,0.09503094278710503,69,61,16,61,74,81,REJECT,Mechanical screening failed (61.0 < 62)
P34,,2,5,True,2025-01-17 09:15:00,101,664,380,221,437,121,465,265,4,3,3,0.09580031063236535,0.10866678873581545,0.07326657779631887,60,59,11,50,72,65,REJECT,Mechanical screening failed (50.0 < 62)
P34,,2,6,True,2025-01-17 09:18:00,162,717,414,154,417,282,623,261,4,3,3,0.04814167766943039,0.08111290354333456,0.0690812609101556,81,53,12,56,81,68,REJECT,Mechanical screening failed (56.0 < 62)
P34,,3,1,True,2025-01-21 09:03:00,168,667,361,338,417,307,510,230,4,3,3,0.06834889691032388,0.10324860748993192,0.08424336611861541,90,59,9,41,76,65,REJECT,Mechanical screening failed (41.0 < 62)
P34,,3,2,True,2025-01-21 09:06:00,123,672,419,197,327,58,488,203,4,3,3,0.04483202719588877,0.09214574664424774,0.07657136388649904,96,66,13,43,78,67,REJECT,Mechanical screening failed (43.0 < 62)
P34,,3,3,True,2025-01-21 09:09:00,133,657,374,50,446,251,491,386,4,3,3,0.06643310524191366,0.09023355200966257,0.09723068271973116,80,73,15,47,78,83,REJECT,Mechanical screening failed (47.0 < 62)
P34,,3,4,True,2025-01-21 09:12:00,135,653,418,59,431,276,491,232,4,3,3,0.04851628394063394,0.08345381071060604,0.07591702483169367,64,79,15,43,80,56,REJECT,Mechanical screening failed (43.0 < 62)
P34,,3,5,True,2025-01-21 09:15:00,108,714,389,229,417,226,489,276,4,3,3,0.10078482224962819,0.08084818149284728,0.07788793675064824,70,75,7,81,74,70,ACCEPT,Accepted (score=75.6)
P34,,3,6,True,2025-01-21 09:18:00,151,715,406,267,335,248,533,380,4,3,3,0.07870018669119548,0.12412180082988064,0.07723797602379218,78,84,15,62,72,67,ACCEPT,Accepted (score=65.5)
P34,,4,1,True,2025-01-28 09:03:00,114,735,418,172,437,70,308,323,4,3,3,0.06630698109973682,0.0957906523674542,0.085721209873491,62,65,5,26,76,71,REJECT,Mechanical screening failed (26.0 < 62)
P34,,4,2,True,2025-01-28 09:06:00,139,705,373,59,276,380,499,399,4,3,3,0.04990195602869812,0.08860969054175895,0.10249293104892522,75,68,17,23,74,91,REJECT,Mechanical screening failed (23.0 < 62)
P34,,4,3,True,2025-01-28 09:09:00,145,696,412,83,321,246,546,470,4,3,3,0.04775151988451461,0.12788790791920018,0.08605581687092621,68,55,8,45,76,72,REJECT,Mechanical screening failed (45.0 < 62)
P34,,4,4,True,2025-01-28 09:12:00,134,685,431,131,384,50,588,414,4,3,3,0.11505262206525856,0.11855664325787842,0.0644463152063896,55,72,19,31,66,53,REJECT,Mechanical screening failed (31.0 < 62)
P34,,4,5,True,2025-01-28 09:15:00,125,663,427,318,606,288,594,287,4,3,3,0.04622173463618652,0.11582046467802119,0.07362780672154336,54,74,16,33,77,50,REJECT,Mechanical screening failed (33.0 < 62)
P34,,4,6,True,2025-01-28 09:18:00,142,726,382,227,449,442,570,258,4,3,3,0.04458540745333982,0.09612771028178997,0.12138616043198062,64,60,9,43,75,72,REJECT,Mechanical screening failed (43.0 < 62)
P34,,5,1,True,2025-02-04 09:03:00,147,766,375,266,385,280,508,383,4,3,3,0.09420441915081738,0.08228825514638204,0.06572307864748808,83,65,7,52,77,86,REJECT,Mechanical screening failed (52.0 < 62)
P34,,5,2,True,2025-02-04 09:06:00,108,689,406,172,257,271,667,109,4,3,3,0.045033877835752696,0.0950853306362503,0.07870936757891286,74,70,14,34,77,85,REJECT,Mechanical screening failed (34.0 < 62)
P34,,5,3,True,2025-02-04 09:09:00,159,759,378,126,459,470,391,391,4,3,3,0.07146619527393198,0.0892321038709415,0.08718682235558048,73,74,21,19,75,76,REJECT,Mechanical screening failed (19.0 < 62)
P34,,5,4,True,2025-02-04 09:12:00,112,661,391,100,418,186,513,324,4,3,3,0.11077634311160837,0.09116132949575934,0.07597787016377414,87,61,28,62,71,72,ACCEPT,Accepted (score=67.4)
P34,,5,5,True,2025-02-04 09:15:00,190,739,350,50,437,68,441,245,4,3,3,0.0584612652313675,0.1037765317305506,0.08732903736361586,84,55,16,21,73,67,REJECT,Mechanical screening failed (21.0 < 62)
P34,,5,6,True,2025-02-04 09:18:00,151,692,365,207,219,241,506,376,4,3,3,0.06314772905658113,0.0856010322223971,0.0822340658413603,92,76,13,59,78,68,REJECT,Mechanical screening failed (59.0 < 62)
P34,P30,99,0,False,2025-01-15 09:56:00,204,711,200,393,392,463,560,100,3,3,3,0.20560576702638933,0.22397261969528537,0.20920101947859474,82,44,34,13,47,72,REJECT,Mechanical screening failed (13.0 < 62)
P34,P30,99,0,False,2025-01-15 09:15:00,78,703,176,50,309,96,508,240,7,5,6,0.20938441330363677,0.23314485822845138,0.1994637040707634,20,44,38,11,46,29,REJECT,Gap screening failed (29.0 < 38)
P34,P30,99,0,False,2025-01-15 09:59:00,156,617,243,73,495,416,781,100,3,5,8,0.2065471081360066,0.2157400573871098,0.21773048373940096,79,68,38,16,47,54,REJECT,Mechanical screening failed (16.0 < 62)
P34,P30,99,0,False,2025-01-15 10:28:00,128,628,227,103,388,227,567,180,9,0,0,0.20489011518565067,0.21372761293312953,0.21066701447338315,56,38,31,35,48,73,REJECT,Mechanical screening failed (35.0 < 62)
P34,P30,99,0,False,2025-01-15 09:38:00,79,647,199,247,468,343,369,428,5,9,6,0.1966453368058823,0.2168358515190872,0.22114179730761696,121,55,26,34,45,34,REJECT,Gap screening failed (34.0 < 38)
P34,P20,99,0,False,2025-01-15 10:29:00,71,647,351,50,384,369,921,441,7,1,3,0.10679681313073448,0.1338899732171601,0.1581424149851447,55,96,30,38,64,40,REJECT,Mechanical screening failed (38.0 < 62)
P34,P20,99,0,False,2025-01-15 09:51:00,104,618,284,163,648,308,366,391,2,3,3,0.11019902621064818,0.13192313474316603,0.1378441033902811,28,61,31,30,69,63,REJECT,Mechanical screening failed (30.0 < 62)
P34,P20,99,0,False,2025-01-15 11:00:00,135,694,411,278,404,582,609,359,7,3,3,0.1457135751408793,0.14868524258979088,0.14613742728205584,90,74,37,36,59,20,REJECT,Gap screening failed (20.0 < 38)
P34,P20,99,0,False,2025-01-15 09:34:00,32,744,399,199,586,75,610,477,7,3,0,0.1194909575440535,0.12757107206061127,0.13012930382321194,20,36,37,15,68,37,REJECT,Gap screening failed (37.0 < 38)
P34,P20,99,0,False,2025-01-15 10:04:00,148,746,323,344,427,480,495,652,4,4,3,0.13546822268924613,0.15921629626358275,0.129786237354422,26,104,33,19,63,63,REJECT,Mechanical screening failed (19.0 < 62)
P34,P27,99,0,False,2025-01-15 10:09:00,127,648,426,369,669,330,444,228,2,9,0,0.1017582196725188,0.13302558333104358,0.11802605881154703,21,20,25,28,67,54,REJECT,Mechanical screening failed (28.0 < 62)
P34,P27,99,0,False,2025-01-15 10:03:00,160,653,388,211,407,428,634,100,1,9,0,0.09813564989655364,0.10578307619198198,0.12390584714022172,40,44,17,17,68,66,REJECT,Mechanical screening failed (17.0 < 62)
P34,P27,99,0,False,2025-01-15 09:56:00,177,585,475,284,435,241,330,410,1,6,0,0.1421715258497459,0.1187735184784455,0.12060914739930788,67,30,13,21,63,54,REJECT,Mechanical screening failed (21.0 < 62)
P34,P27,99,0,False,2025-01-15 09:10:00,187,690,410,299,308,140,678,100,1,4,0,0.10707955712191937,0.14152770597890213,0.10095223014564579,29,22,15,22,65,71,REJECT,Mechanical screening failed (22.0 < 62)
P34,P27,99,0,False,2025-01-15 10:16:00,168,685,349,535,470,146,701,605,1,7,0,0.12784300564232978,0.15025560609815056,0.12331079375463755,20,20,19,17,63,52,REJECT,Mechanical screening failed (17.0 < 62)
P49,,1,1,True,2025-01-15 09:03:00,157,670,312,150,375,350,702,224,9,0,8,0.04585460665416653,0.07929850108876543,0.06871247400832066,27,60,23,50,78,39,REJECT,Mechanical screening failed (50.0 < 62)
P49,,1,2,True,2025-01-15 09:06:00,122,598,286,259,359,370,518,359,9,0,8,0.06158943098356315,0.0913091310800226,0.10115303835250794,30,20,27,46,74,56,REJECT,Mechanical screening failed (46.0 < 62)
P49,,1,3,True,2025-01-15 09:09:00,149,632,319,159,395,337,509,346,9,0,8,0.05787263841662235,0.07978547141680284,0.0624463691879724,42,20,26,72,81,61,ACCEPT,Accepted (score=69.0)
P49,,1,4,True,2025-01-15 09:12:00,120,657,282,324,359,259,418,253,9,0,8,0.07445148377832597,0.0748404800326376,0.06111750414790265,31,59,26,50,83,44,REJECT,Mechanical screening failed (50.0 < 62)
P49,,1,5,True,2025-01-15 09:15:00,125,677,294,138,380,228,534,319,9,0,8,0.056061324145107276,0.10161026788051912,0.058969023380979466,42,20,26,64,78,61,ACCEPT,Accepted (score=64.9)
P49,,1,6,True,2025-01-15 09:18:00,120,632,292,216,296,418,687,273,9,0,8,0.046340393110061585,0.07685854459665857,0.06228823103573369,43,20,21,35,80,59,REJECT,Mechanical screening failed (35.0 < 62)
P49,,2,1,True,2025-01-17 09:03:00,122,656,311,156,328,147,425,375,9,0,8,0.06785802156673039,0.07719836825721979,0.05716685439498575,45,49,20,28,78,71,REJECT,Mechanical screening failed (28.0 < 62)
P49,,2,2,True,2025-01-17 09:06:00,177,626,315,143,388,416,476,191,9,0,8,0.10630178814012019,0.09667358180514732,0.05231735425254374,20,20,12,36,73,53,REJECT,Mechanical screening failed (36.0 < 62)
P49,,2,3,True,2025-01-17 09:09:00,151,614,338,83,535,245,518,247,9,0,8,0.049902381492565866,0.08386118952078007,0.07076647623408265,26,49,25,40,79,48,REJECT,Mechanical screening failed (40.0 < 62)
P49,,2,4,True,2025-01-17 09:12:00,102,644,300,115,542,266,588,420,9,0,8,0.056752319471251235,0.07511243354238432,0.059699280992852904,20,20,24,50,81,53,REJECT,Mechanical screening failed (50.0 < 62)
P49,,2,5,True,2025-01-17 09:15:00,139,688,313,50,470,129,606,218,9,0,8,0.04579939855599419,0.07305224890146865,0.052464156870906185,45,48,16,23,83,73,REJECT,Mechanical screening failed (23.0 < 62)
P49,,2,6,True,2025-01-17 09:18:00,139,626,296,193,345,208,590,260,9,0,8,0.05149136546596085,0.090840808188906,0.06051934699936764,24,28,29,72,79,57,ACCEPT,Accepted (score=67.0)
P49,,3,1,True,2025-01-21 09:03:00,145,609,278,318,251,373,761,300,9,0,8,0.05168897258984283,0.07212639858506803,0.05670437480213462,24,34,21,27,82,59,REJECT,Mechanical screening failed (27.0 < 62)
P49,,3,2,True,2025-01-21 09:06:00,127,651,323,121,266,397,416,402,9,0,8,0.04339509323758004,0.09885000383093571,0.07735336408071675,20,25,25,24,76,50,REJECT,Mechanical screening failed (24.0 < 62)
P49,,3,3,True,2025-01-21 09:09:00,113,663,280,288,298,223,534,397,9,0,8,0.0523586187288875,0.09321804311229408,0.056032227700410504,46,34,25,34,85,82,REJECT,Mechanical screening failed (34.0 < 62)
P49,,3,4,True,2025-01-21 09:12:00,134,596,306,316,338,196,501,179,9,0,8,0.03965084161968375,0.08103445233330962,0.0579450323140078,20,30,18,30,77,50,REJECT,Mechanical screening failed (30.0 < 62)
P49,,3,5,True,2025-01-21 09:15:00,130,628,319,272,492,212,475,151,9,0,8,0.0549990427633393,0.07601959581174246,0.06975567345392053,38,38,28,34,81,87,REJECT,Mechanical screening failed (34.0 < 62)
P49,,3,6,True,2025-01-21 09:18:00,161,646,301,218,322,305,504,290,9,0,8,0.0523592931530288,0.07855747066906493,0.07562139787988667,62,20,27,67,79,39,REJECT,Weighted check failed (score=57.6 < 60)
P49,,4,1,True,2025-01-28 09:03:00,148,608,304,301,471,283,542,366,9,0,8,0.04525356854949232,0.07759017332087391,0.06807569665595403,20,46,23,54,78,44,REJECT,Mechanical screening failed (54.0 < 62)
P49,,4,2,True,2025-01-28 09:06:00,117,638,319,279,416,213,745,342,9,0,8,0.050272353966220845,0.074030593757497,0.06294394654890156,54,34,34,50,83,68,REJECT,Mechanical screening failed (50.0 < 62)
P49,,4,3,True,2025-01-28 09:09:00,143,592,323,284,388,339,637,208,9,0,8,0.051165719988150477,0.08588753984804313,0.10030562241730734,43,45,27,46,79,80,REJECT,Mechanical screening failed (46.0 < 62)
P49,,4,4,True,2025-01-28 09:12:00,136,622,288,50,381,368,493,252,9,0,8,0.0648291822567282,0.0781415321194496,0.07487848579844916,37,20,19,53,78,58,REJECT,Mechanical screening failed (53.0 < 62)
P49,,4,5,True,2025-01-28 09:15:00,126,607,293,98,429,396,601,417,9,0,8,0.052635378924522136,0.07675173721391022,0.061193861051173075,58,46,19,41,79,65,REJECT,Mechanical screening failed (41.0 < 62)
P49,,4,6,True,2025-01-28 09:18:00,168,623,312,332,386,342,403,357,9,0,8,0.04130858017825069,0.06865991774409061,0.05228744806801481,58,26,10,50,81,50,REJECT,Mechanical screening failed (50.0 < 62)
P49,,5,1,True,2025-02-04 09:03:00,147,609,308,172,303,369,560,142,9,0,8,0.04400775578388965,0.07723213465373395,0.05884780744282837,73,45,23,54,82,46,REJECT,Mechanical screening failed (54.0 < 62)
P49,,5,2,True,2025-02-04 09:06:00,81,663,285,50,461,278,550,381,9,0,8,0.04454253507947179,0.07902127951567342,0.05983425238492802,50,20,26,42,78,51,REJECT,Mechanical screening failed (42.0 < 62)
P49,,5,3,True,2025-02-04 09:09:00,143,608,291,50,418,179,554,315,9,0,8,0.06956501423945242,0.07629517039374215,0.060951083400216335,42,54,30,43,80,65,REJECT,Mechanical screening failed (43.0 < 62)
P49,,5,4,True,2025-02-04 09:12:00,123,628,328,192,456,282,562,223,9,0,8,0.04229139268261293,0.08822384259525605,0.056333660943543785,54,53,19,74,82,62,ACCEPT,Accepted (score=70.4)
P49,,5,5,True,2025-02-04 09:15:00,129,673,287,173,376,350,510,353,9,0,8,0.05204397735199833,0.0780284573265844,0.053404865859367774,42,74,23,60,83,42,REJECT,Mechanical screening failed (60.0 < 62)
P49,,5,6,True,2025-02-04 09:18:00,136,632,304,205,457,242,546,472,9,0,8,0.051122093954256015,0.07337777034185322,0.08932120502727488,59,69,27,59,79,42,REJECT,Mechanical screening failed (59.0 < 62)
P49,P36,99,0,False,2025-01-15 09:05:00,200,682,264,79,213,355,682,459,8,6,2,0.1301278451886386,0.11812420297642275,0.1427654863748875,73,20,14,40,64,79,REJECT,Mechanical screening failed (40.0 < 62)
P49,P36,99,0,False,2025-01-15 10:53:00,121,696,274,168,532,535,479,472,9,3,6,0.1318807311885227,0.14428874295996652,0.09094519698286446,69,20,20,28,68,75,REJECT,Mechanical screening failed (28.0 < 62)
P49,P36,99,0,False,2025-01-15 09:55:00,164,639,290,150,486,271,500,479,8,8,4,0.14664630263813355,0.09394803526791151,0.16064047141829263,81,46,8,47,63,56,REJECT,Mechanical screening failed (47.0 < 62)
P49,P36,99,0,False,2025-01-15 10:34:00,72,659,272,86,486,459,784,193,8,3,2,0.10121046037651214,0.15610518465632947,0.16813748882406848,109,27,14,21,64,52,REJECT,Mechanical screening failed (21.0 < 62)
P49,P36,99,0,False,2025-01-15 09:41:00,200,734,261,182,705,162,754,552,8,2,2,0.09186310969887024,0.10967034654198361,0.14303854359699858,23,51,14,16,67,17,REJECT,Gap screening failed (17.0 < 38)
P49,P43,99,0,False,2025-01-15 10:17:00,53,547,299,110,590,412,533,100,7,5,5,0.19933283209380936,0.150835347261083,0.12006005742320683,93,96,17,32,60,30,REJECT,Gap screening failed (30.0 < 38)
P49,P43,99,0,False,2025-01-15 09:32:00,96,593,369,69,432,565,433,448,9,0,2,0.1394945700022193,0.14917230237185095,0.13574183640317067,93,42,27,21,63,51,REJECT,Mechanical screening failed (21.0 < 62)
P49,P43,99,0,False,2025-01-15 09:03:00,94,661,372,253,484,496,601,214,3,6,1,0.14480822197431767,0.15708703570861454,0.17732096873661793,58,42,11,24,54,76,REJECT,Mechanical screening failed (24.0 < 62)
P49,P43,99,0,False,2025-01-15 09:11:00,9,533,337,54,472,383,529,404,5,3,5,0.14134103559976996,0.17866297476145568,0.18578393970974733,52,84,8,43,59,31,REJECT,Gap screening failed (31.0 < 38)
P49,P43,99,0,False,2025-01-15 09:29:00,51,590,409,134,555,319,467,100,9,2,5,0.14463869678497512,0.17576344803280186,0.13843409207824559,44,44,26,27,58,53,REJECT,Mechanical screening failed (27.0 < 62)
P49,P34,99,0,False,2025-01-15 10:26:00,124,724,356,183,420,89,562,578,4,1,8,0.26368581030064137,0.24602960271472846,0.23854977646194353,50,89,7,32,41,33,REJECT,Gap screening failed (33.0 < 38)
P49,P34,99,0,False,2025-01-15 10:47:00,203,713,375,240,360,119,626,345,8,9,8,0.2618574952328161,0.24880004229676636,0.23726457375264048,99,111,30,40,46,34,REJECT,Gap screening failed (34.0 < 38)
P49,P34,99,0,False,2025-01-15 10:50:00,126,666,407,51,193,381,497,105,9,6,6,0.2757800249078204,0.2782927675193505,0.2518170203400723,53,127,5,15,43,17,REJECT,Gap screening failed (17.0 < 38)
P49,P34,99,0,False,2025-01-15 10:13:00,157,679,418,50,131,117,585,461,2,8,8,0.25929879287251983,0.2607411486667479,0.24482352521794445,107,51,10,23,44,38,REJECT,Mechanical screening failed (23.0 < 62)
P49,P34,99,0,False,2025-01-15 10:15:00,147,776,415,231,627,359,387,148,8,2,3,0.25794161931919035,0.2804853694601154,0.24554272842840288,78,84,8,28,41,67,REJECT,Mechanical screening failed (28.0 < 62)
P42,,1,1,True,2025-01-15 09:03:00,183,578,231,258,385,264,511,269,0,1,2,0.06272282847504722,0.07435029073506134,0.0626973192786628,80,29,34,50,82,62,REJECT,Mechanical screening failed (50.0 < 62)
P42,,1,2,True,2025-01-15 09:06:00,199,582,289,279,401,281,389,338,0,1,2,0.05136373903490689,0.0729650737535607,0.05695784216603417,74,28,26,64,81,64,ACCEPT,Accepted (score=66.6)
P42,,1,3,True,2025-01-15 09:09:00,150,625,286,229,425,491,514,331,0,1,2,0.05897748106947107,0.07968956866972016,0.06079808386589936,86,40,40,46,81,73,REJECT,Mechanical screening failed (46.0 < 62)
P42,,1,4,True,2025-01-15 09:12:00,202,547,273,210,363,309,518,383,0,1,2,0.05686193989605194,0.06663197983439177,0.06354738314470616,61,51,30,58,82,60,REJECT,Mechanical screening failed (58.0 < 62)
P42,,1,5,True,2025-01-15 09:15:00,175,616,284,193,402,281,390,361,0,1,2,0.05775022957674948,0.07331339387491521,0.06896501506866527,75,29,28,71,80,66,ACCEPT,Accepted (score=70.4)
P42,,1,6,True,2025-01-15 09:18:00,152,586,295,105,345,398,485,410,0,1,2,0.05543257338356028,0.07630097158612949,0.0714441198107658,88,45,34,50,82,77,REJECT,Mechanical screening failed (50.0 < 62)
P42,,2,1,True,2025-01-17 09:03:00,172,584,295,155,273,370,407,357,0,1,2,0.05229810851314672,0.07539583691834964,0.05250312067011431,80,52,26,49,80,79,REJECT,Mechanical screening failed (49.0 < 62)
P42,,2,2,True,2025-01-17 09:06:00,207,563,276,50,505,433,458,372,0,1,2,0.056744725983809315,0.06778551828241652,0.05352709469665334,72,45,26,31,81,89,REJECT,Mechanical screening failed (31.0 < 62)
P42,,2,3,True,2025-01-17 09:09:00,159,587,246,58,353,295,533,358,0,1,2,0.0523112432202719,0.06923610062960912,0.05122151878755385,58,62,24,59,77,44,REJECT,Mechanical screening failed (59.0 < 62)
P42,,2,4,True,2025-01-17 09:12:00,147,596,252,189,340,205,413,326,0,1,2,0.05016876678382453,0.06859461471748131,0.06736387982493258,68,35,29,58,82,73,REJECT,Mechanical screening failed (58.0 < 62)
P42,,2,5,True,2025-01-17 09:15:00,149,542,291,159,568,448,487,286,0,1,2,0.04655271210034172,0.06608985406538592,0.06246752901429931,75,45,23,46,84,95,REJECT,Mechanical screening failed (46.0 < 62)
P42,,2,6,True,2025-01-17 09:18:00,130,652,258,73,379,270,397,129,0,1,2,0.05704740319301087,0.07547313496741426,0.06146104987807179,69,38,34,41,79,80,REJECT,Mechanical screening failed (41.0 < 62)
P42,,3,1,True,2025-01-21 09:03:00,186,594,274,196,480,352,456,235,0,1,2,0.08605381575168425,0.06664673516651946,0.05947032293059137,74,31,29,63,79,69,ACCEPT,Accepted (score=67.8)
P42,,3,2,True,2025-01-21 09:06:00,167,596,250,147,360,450,486,247,0,1,2,0.05894143019665764,0.07311366779424204,0.0717774374012707,87,42,38,51,78,75,REJECT,Mechanical screening failed (51.0 < 62)
P42,,3,3,True,2025-01-21 09:09:00,170,595,307,124,492,344,480,428,0,1,2,0.05121210475591685,0.077853830185098,0.06849488402266328,72,59,35,57,79,64,REJECT,Mechanical screening failed (57.0 < 62)
P42,,3,4,True,2025-01-21 09:12:00,150,576,257,124,302,194,296,463,0,1,2,0.05475967986569094,0.07102822755612359,0.06510176040995444,74,26,30,26,79,60,REJECT,Mechanical screening failed (26.0 < 62)
P42,,3,5,True,2025-01-21 09:15:00,170,588,272,58,405,366,486,321,0,1,2,0.04434645116314184,0.0759667243845343,0.04777712245138358,64,40,18,68,84,76,ACCEPT,Accepted (score=73.6)
P42,,3,6,True,2025-01-21 09:18:00,144,586,286,129,353,268,481,312,0,1,2,0.050090868457108056,0.07067002630678973,0.05181097468176377,80,40,25,80,83,83,ACCEPT,Accepted (score=81.7)
P42,,4,1,True,2025-01-28 09:03:00,149,598,256,50,448,187,514,321,0,1,2,0.04712114048434406,0.06217350940695855,0.05967372136336234,69,38,22,51,83,80,REJECT,Mechanical screening failed (51.0 < 62)
P42,,4,2,True,2025-01-28 09:06:00,144,570,304,50,403,263,400,256,0,1,2,0.05368791997845708,0.07515326014743415,0.07843109230928634,76,26,32,50,79,62,REJECT,Mechanical screening failed (50.0 < 62)
P42,,4,3,True,2025-01-28 09:09:00,153,668,294,57,437,502,457,254,0,1,2,0.0629187878167257,0.07950448091156237,0.06644290270427937,78,43,32,26,78,93,REJECT,Mechanical screening failed (26.0 < 62)
P42,,4,4,True,2025-01-28 09:12:00,197,598,270,261,317,257,367,336,0,1,2,0.054574111711424726,0.07733575971718662,0.05407263971011395,68,58,29,48,80,60,REJECT,Mechanical screening failed (48.0 < 62)
P42,,4,5,True,2025-01-28 09:15:00,150,583,282,122,286,234,576,314,0,1,2,0.04822109263519559,0.06371371386343688,0.06398066736023138,76,36,24,47,78,81,REJECT,Mechanical screening failed (47.0 < 62)
P42,,4,6,True,2025-01-28 09:18:00,176,576,255,336,418,176,449,346,0,1,2,0.05838415124564521,0.08284590425504235,0.07230269737911513,69,50,40,45,77,74,REJECT,Mechanical screening failed (45.0 < 62)
P42,,5,1,True,2025-02-04 09:03:00,128,602,266,61,456,368,599,296,0,1,2,0.07695254055544391,0.07223214918348222,0.0638067237806557,86,42,24,51,78,77,REJECT,Mechanical screening failed (51.0 < 62)
P42,,5,2,True,2025-02-04 09:06:00,154,592,229,119,307,267,427,437,0,1,2,0.06135948182659303,0.07238841612611932,0.06011541135386377,82,32,38,49,81,64,REJECT,Mechanical screening failed (49.0 < 62)
P42,,5,3,True,2025-02-04 09:09:00,152,581,262,160,372,327,504,322,0,1,2,0.047543512613297687,0.07625501203530342,0.06496760136091502,67,48,31,85,80,74,ACCEPT,Accepted (score=79.8)
P42,,5,4,True,2025-02-04 09:12:00,129,573,287,261,301,294,469,418,0,1,2,0.05305370413516883,0.0723239431831621,0.06735062814104342,80,46,30,48,83,91,REJECT,Mechanical screening failed (48.0 < 62)
P42,,5,5,True,2025-02-04 09:15:00,152,531,260,216,407,405,474,212,0,1,2,0.05027616065524915,0.06255121755296765,0.05936433451203533,89,45,23,44,84,76,REJECT,Mechanical screening failed (44.0 < 62)
P42,,5,6,True,2025-02-04 09:18:00,136,558,246,57,471,271,317,194,0,1,2,0.04796645095949156,0.0710815969568427,0.06899864189121287,67,62,34,39,81,53,REJECT,Mechanical screening failed (39.0 < 62)
P42,P32,99,0,False,2025-01-15 09:02:00,69,519,393,312,329,153,308,271,8,3,1,0.30613181927541855,0.25643805778953516,0.33016065505804926,20,28,15,19,36,57,REJECT,Mechanical screening failed (19.0 < 62)
P42,P32,99,0,False,2025-01-15 10:37:00,106,516,454,304,377,275,265,258,2,1,6,0.2977939734547155,0.249692581553539,0.32962948951758714,58,43,16,24,41,55,REJECT,Mechanical screening failed (24.0 < 62)
P42,P32,99,0,False,2025-01-15 10:26:00,94,545,371,158,334,405,361,189,8,0,7,0.3452786590508934,0.31301691398817916,0.2784947648750278,20,29,19,31,33,56,REJECT,Voice screening failed (33.0 < 34)
P42,P32,99,0,False,2025-01-15 10:45:00,59,579,436,95,298,204,579,589,8,9,6,0.30652004435823904,0.22576653395146,0.32733914463425434,20,20,16,30,39,61,REJECT,Mechanical screening failed (30.0 < 62)
P42,P32,99,0,False,2025-01-15 09:34:00,119,497,455,244,181,133,626,641,5,1,1,0.2960261780292941,0.249601464193701,0.26642198233294434,43,37,19,12,42,67,REJECT,Mechanical screening failed (12.0 < 62)
P42,P27,99,0,False,2025-01-15 10:13:00,223,565,371,50,414,219,545,246,2,4,9,0.34449060686140726,0.3490978074888721,0.3360271524992509,48,44,20,36,30,67,REJECT,Voice screening failed (30.0 < 34)
P42,P27,99,0,False,2025-01-15 09:05:00,150,593,412,103,504,187,511,341,1,4,3,0.3867995737263157,0.32292434474682324,0.36502579156589615,20,33,27,55,31,51,REJECT,Voice screening failed (31.0 < 34)
P42,P27,99,0,False,2025-01-15 10:37:00,93,630,385,50,530,538,100,379,3,5,5,0.40741677615623545,0.2926963007723078,0.2997597700191141,20,20,14,11,34,52,REJECT,Mechanical screening failed (11.0 < 62)
P42,P27,99,0,False,2025-01-15 10:36:00,184,597,417,320,421,390,277,100,0,5,4,0.4079537021552447,0.31587198689868734,0.2581198415131145,20,27,12,17,32,52,REJECT,Voice screening failed (32.0 < 34)
P42,P27,99,0,False,2025-01-15 09:22:00,184,704,312,50,740,300,757,208,2,0,6,0.33606634603298247,0.30825349828338766,0.31868229590592695,52,55,10,12,31,50,REJECT,Voice screening failed (31.0 < 34)
P42,P44,99,0,False,2025-01-15 10:00:00,204,452,295,50,379,177,257,120,0,8,6,0.36635126915599914,0.20978570691360046,0.2902943221838559,74,20,18,16,38,21,REJECT,Gap screening failed (21.0 < 38)
P42,P44,99,0,False,2025-01-15 10:06:00,129,498,312,106,420,248,972,162,3,3,3,0.3797513229130291,0.3025645082269575,0.2723644743262761,20,154,17,29,34,8,REJECT,Gap screening failed (8.0 < 38)
P42,P44,99,0,False,2025-01-15 10:23:00,137,533,308,339,525,376,425,100,5,5,5,0.32320420132086974,0.2639580337928168,0.33447334020954844,54,86,28,41,37,49,REJECT,Mechanical screening failed (41.0 < 62)
P42,P44,99,0,False,2025-01-15 09:56:00,168,595,374,241,456,384,334,100,6,1,2,0.2861366181831741,0.23390716795273406,0.2895647514764198,20,42,21,22,45,44,REJECT,Mechanical screening failed (22.0 < 62)
P42,P44,99,0,False,2025-01-15 10:57:00,211,504,375,488,518,346,870,302,5,5,8,0.3183906620969785,0.29898352404270856,0.2814948052115723,46,20,19,24,37,38,REJECT,Mechanical screening failed (24.0 < 62)
P31,,1,1,True,2025-01-15 09:03:00,126,626,418,228,278,153,643,500,3,7,2,0.05435485262467006,0.08046386516008347,0.06502627329233666,20,61,18,40,78,57,REJECT,Mechanical screening failed (40.0 < 62)
P31,,1,2,True,2025-01-15 09:06:00,144,644,405,312,464,196,540,224,3,7,2,0.06713092657641717,0.06855722350893287,0.06484428087985715,40,47,20,49,77,71,REJECT,Mechanical screening failed (49.0 < 62)
P31,,1,3,True,2025-01-15 09:09:00,153,606,378,145,360,198,672,430,3,7,2,0.056388611905742604,0.08400733529035063,0.08111805109847382,50,57,14,43,75,64,REJECT,Mechanical screening failed (43.0 < 62)
P31,,1,4,True,2025-01-15 09:12:00,131,580,414,181,530,268,470,213,3,7,2,0.07359472319625386,0.08095110922711553,0.06876291963841734,38,40,21,52,76,63,REJECT,Mechanical screening failed (52.0 < 62)
P31,,1,5,True,2025-01-15 09:15:00,147,628,439,267,375,263,505,308,3,7,2,0.0735572909735105,0.0885096331614415,0.06262976726721611,30,35,9,73,76,61,ACCEPT,Accepted (score=68.7)
P31,,1,6,True,2025-01-15 09:18:00,127,599,400,182,418,194,617,307,3,7,2,0.058228896517321424,0.07195841895252766,0.09325268318895455,20,50,26,72,78,63,ACCEPT,Accepted (score=69.3)
P31,,2,1,True,2025-01-17 09:03:00,130,615,437,287,405,151,588,393,3,7,2,0.06810899694368201,0.08306433439362332,0.0648834222900695,27,60,21,54,80,71,REJECT,Mechanical screening failed (54.0 < 62)
P31,,2,2,True,2025-01-17 09:06:00,122,612,401,272,282,216,656,253,3,7,2,0.07699118772239244,0.06996072677897788,0.060189273482547934,20,65,22,51,74,52,REJECT,Mechanical screening failed (51.0 < 62)
P31,,2,3,True,2025-01-17 09:09:00,132,615,412,141,333,269,565,258,3,7,2,0.05703459790700567,0.07754756046051489,0.07207346997408041,31,56,23,69,78,87,ACCEPT,Accepted (score=77.6)
P31,,2,4,True,2025-01-17 09:12:00,118,620,419,282,312,201,561,352,3,7,2,0.05621360997911805,0.08151259131384762,0.06989732002273505,32,46,17,65,79,82,ACCEPT,Accepted (score=73.9)
P31,,2,5,True,2025-01-17 09:15:00,112,619,407,230,479,297,775,297,3,7,2,0.06222427358068202,0.0734572417084988,0.06059624740647598,37,65,12,52,80,77,REJECT,Mechanical screening failed (52.0 < 62)
P31,,2,6,True,2025-01-17 09:18:00,121,575,422,259,426,313,522,418,3,7,2,0.0589395695450158,0.06991575005263713,0.060489084646794526,53,20,17,57,78,27,REJECT,Gap screening failed (27.0 < 38)
P31,,3,1,True,2025-01-21 09:03:00,141,599,412,183,406,304,567,273,3,7,2,0.06589767197166288,0.07710577865062312,0.06588061768279777,31,64,25,76,76,73,ACCEPT,Accepted (score=74.8)
P31,,3,2,True,2025-01-21 09:06:00,126,651,411,194,417,161,734,295,3,7,2,0.06180691863087327,0.07435285361921724,0.07158588468494323,20,53,18,45,78,65,REJECT,Mechanical screening failed (45.0 < 62)
P31,,3,3,True,2025-01-21 09:09:00,135,602,400,291,407,112,444,255,3,7,2,0.06288209974163907,0.07550979923867042,0.10194725730173679,0,50,25,38,75,36,REJECT,Gap screening failed (36.0 < 38)
P31,,3,4,True,2025-01-21 09:12:00,133,613,423,219,490,238,462,328,3,7,2,0.06257095450218617,0.07600547109319251,0.06580437479636762,20,42,26,59,79,59,REJECT,Mechanical screening failed (59.0 < 62)
P31,,3,5,True,2025-01-21 09:15:00,119,608,421,244,328,229,659,415,3,7,2,0.06777675453803429,0.07123904395083043,0.09322269292133034,26,55,20,58,80,77,REJECT,Mechanical screening failed (58.0 < 62)
P31,,3,6,True,2025-01-21 09:18:00,100,616,412,187,426,184,617,342,3,7,2,0.06561605681790314,0.07479513732205083,0.07369580650104132,20,35,19,68,77,59,ACCEPT,Accepted (score=65.8)
P31,,4,1,True,2025-01-28 09:03:00,145,615,390,263,450,176,654,271,3,7,2,0.05846380283185429,0.07041333458381856,0.05712218437282039,36,28,13,51,79,48,REJECT,Mechanical screening failed (51.0 < 62)
P31,,4,2,True,2025-01-28 09:06:00,160,651,411,244,443,273,536,454,3,7,2,0.07939754439655655,0.06903833665876966,0.06697584416674263,26,42,15,61,77,74,REJECT,Mechanical screening failed (61.0 < 62)
P31,,4,3,True,2025-01-28 09:09:00,136,668,407,232,362,238,561,187,3,7,2,0.07836418959081662,0.07498254362120568,0.05985664764762786,43,29,14,68,78,42,REJECT,Weighted check failed (score=59.1 < 60)
P31,,4,4,True,2025-01-28 09:12:00,116,653,425,174,461,257,533,242,3,7,2,0.05277265492483082,0.08435295061030676,0.06517442186237694,40,53,18,64,81,82,ACCEPT,Accepted (score=73.8)
P31,,4,5,True,2025-01-28 09:15:00,133,636,425,202,451,375,571,262,3,7,2,0.05387380039073643,0.08878035788701101,0.05930449685529852,41,62,16,61,81,78,REJECT,Mechanical screening failed (61.0 < 62)
P31,,4,6,True,2025-01-28 09:18:00,133,636,425,254,444,271,691,342,3,7,2,0.053648490487549196,0.07059520638411274,0.05909035169320375,27,54,6,65,83,81,ACCEPT,Accepted (score=74.1)
P31,,5,1,True,2025-02-04 09:03:00,153,642,418,142,577,240,512,327,3,7,2,0.060922493057728525,0.072004772617755,0.0598326918031553,23,57,12,50,78,68,REJECT,Mechanical screening failed (50.0 < 62)
P31,,5,2,True,2025-02-04 09:06:00,126,634,429,220,482,265,536,347,3,7,2,0.06419135550575722,0.0696666014242813,0.0628773800121916,41,60,16,74,80,79,ACCEPT,Accepted (score=76.9)
P31,,5,3,True,2025-02-04 09:09:00,124,628,375,183,267,198,608,446,3,7,2,0.07343743341143809,0.08630206716786963,0.0701123504243137,39,54,32,51,79,87,REJECT,Mechanical screening failed (51.0 < 62)
P31,,5,4,True,2025-02-04 09:12:00,141,602,407,197,361,241,571,436,3,7,2,0.052970852828564625,0.07181156788115554,0.06444369325842086,37,50,19,73,79,83,ACCEPT,Accepted (score=77.9)
P31,,5,5,True,2025-02-04 09:15:00,116,570,389,135,414,285,482,399,3,7,2,0.06114962334428261,0.07457349413634905,0.06592146421266204,44,60,28,48,82,73,REJECT,Mechanical screening failed (48.0 < 62)
P31,,5,6,True,2025-02-04 09:18:00,130,618,390,191,483,276,629,358,3,7,2,0.06905985440127643,0.09358152773490812,0.0883036544114556,41,75,21,69,74,62,ACCEPT,Accepted (score=67.0)
P31,P39,99,0,False,2025-01-15 09:35:00,28,676,184,302,371,304,455,265,3,4,2,0.09839191437299696,0.1296494413062051,0.10606097140974283,39,32,31,34,71,51,REJECT,Mechanical screening failed (34.0 < 62)
P31,P39,99,0,False,2025-01-15 09:23:00,40,687,206,362,633,478,508,652,3,0,2,0.10179320791873196,0.11966630249479403,0.10484470922750562,76,32,36,21,68,53,REJECT,Mechanical screening failed (21.0 < 62)
P31,P39,99,0,False,2025-01-15 10:14:00,107,667,245,275,242,75,495,502,3,0,5,0.10428868201764874,0.12809271296574337,0.1119874017846699,88,31,34,26,70,41,REJECT,Mechanical screening failed (26.0 < 62)
P31,P39,99,0,False,2025-01-15 09:55:00,124,753,205,411,518,258,700,278,3,2,0,0.1085455416310282,0.1349700413328647,0.09888460553830204,60,20,36,27,69,44,REJECT,Mechanical screening failed (27.0 < 62)
P31,P39,99,0,False,2025-01-15 10:21:00,17,683,257,290,511,487,623,484,6,0,0,0.10623668605038682,0.1145804924561819,0.11424566124661538,20,77,30,21,71,18,REJECT,Gap screening failed (18.0 < 38)
P31,P13,99,0,False,2025-01-15 10:44:00,144,634,356,208,500,294,522,185,9,4,4,0.22651142972108385,0.2444826943838954,0.20631848786662074,125,123,23,43,47,34,REJECT,Gap screening failed (34.0 < 38)
P31,P13,99,0,False,2025-01-15 10:02:00,159,707,452,237,481,244,530,283,9,5,7,0.2180835455190121,0.22747335939554594,0.2073691534505465,38,76,18,43,45,37,REJECT,Gap screening failed (37.0 < 38)
P31,P13,99,0,False,2025-01-15 09:11:00,68,607,381,429,335,303,704,325,7,8,3,0.2584817513471438,0.21389935267025598,0.22334278460136825,24,20,25,37,47,27,REJECT,Gap screening failed (27.0 < 38)
P31,P13,99,0,False,2025-01-15 10:00:00,81,605,392,175,457,304,363,245,0,1,3,0.23678228037280138,0.22742539433345896,0.2083511942184003,46,44,31,49,46,44,REJECT,Mechanical screening failed (49.0 < 62)
P31,P13,99,0,False,2025-01-15 09:44:00,169,634,439,255,649,292,655,384,4,8,4,0.2211454666372408,0.23282081356406198,0.24080653349592598,93,54,16,32,45,47,REJECT,Mechanical screening failed (32.0 < 62)
P31,P43,99,0,False,2025-01-15 09:52:00,88,563,365,50,615,310,128,191,0,7,5,0.22485698925758513,0.2366749512501735,0.22977410556737546,86,41,17,25,45,57,REJECT,Mechanical screening failed (25.0 < 62)
P31,P43,99,0,False,2025-01-15 09:42:00,87,579,341,50,409,243,477,378,0,9,7,0.20786278927356583,0.23236002470809008,0.22714205119486416,42,88,19,36,48,23,REJECT,Gap screening failed (23.0 < 38)
P31,P43,99,0,False,2025-01-15 09:41:00,83,592,372,50,715,482,693,240,0,0,7,0.24499637583416556,0.22124351213158774,0.22576236867647417,71,25,20,19,47,51,REJECT,Mechanical screening failed (19.0 < 62)
P31,P43,99,0,False,2025-01-15 10:25:00,154,661,327,66,488,556,519,297,9,0,0,0.21155306530066142,0.23222948325616946,0.22656446591968926,51,53,12,18,50,60,REJECT,Mechanical screening failed (18.0 < 62)
P31,P43,99,0,False,2025-01-15 09:13:00,141,502,359,275,537,376,462,646,8,3,5,0.2181333056544892,0.23886450468710957,0.2403424690313601,99,29,18,35,46,33,REJECT,Gap screening failed (33.0 < 38)
P29,,1,1,True,2025-01-15 09:03:00,96,591,258,50,278,263,565,414,7,4,9,0.038910168210906516,0.10130999123786599,0.050146029690380116,72,65,24,42,80,74,REJECT,Mechanical screening failed (42.0 < 62)
P29,,1,2,True,2025-01-15 09:06:00,127,604,266,199,358,293,533,283,7,4,9,0.05377518754774396,0.06551399610660248,0.059728714774440715,56,54,32,81,81,64,ACCEPT,Accepted (score=74.2)
P29,,1,3,True,2025-01-15 09:09:00,105,636,232,50,554,282,617,401,7,4,9,0.04142444449230638,0.07890745273450989,0.06080968579558301,49,80,29,40,83,56,REJECT,Mechanical screening failed (40.0 < 62)
P29,,1,4,True,2025-01-15 09:12:00,114,603,236,180,411,244,642,329,7,4,9,0.07409908573070714,0.07224718420481709,0.06304140906666778,56,69,33,69,78,79,ACCEPT,Accepted (score=74.3)
P29,,1,5,True,2025-01-15 09:15:00,101,598,246,104,297,324,481,274,7,4,9,0.051066826963240795,0.06491696339154218,0.061985014602363005,61,40,29,56,85,46,REJECT,Mechanical screening failed (56.0 < 62)
P29,,1,6,True,2025-01-15 09:18:00,80,632,253,141,266,401,585,402,7,4,9,0.03415043356066208,0.057313848010807376,0.04493670707848168,61,92,18,41,84,58,REJECT,Mechanical screening failed (41.0 < 62)
P29,,2,1,True,2025-01-17 09:03:00,112,586,236,227,445,233,592,279,7,4,9,0.03908220844974082,0.06179980194370596,0.04606541813260413,76,76,20,59,84,75,REJECT,Mechanical screening failed (59.0 < 62)
P29,,2,2,True,2025-01-17 09:06:00,123,662,269,208,466,249,544,413,7,4,9,0.0431852147643341,0.08470683073721169,0.0742302593401879,52,73,25,60,79,70,REJECT,Mechanical screening failed (60.0 < 62)
P29,,2,3,True,2025-01-17 09:09:00,106,618,261,63,391,192,639,362,7,4,9,0.057999294327353755,0.08084953965876455,0.0524763705503353,27,97,26,48,81,23,REJECT,Gap screening failed (23.0 < 38)
P29,,2,4,True,2025-01-17 09:12:00,125,631,302,50,635,482,540,240,7,4,9,0.06509156220241678,0.06835401767503785,0.0669299295270839,76,68,39,21,79,73,REJECT,Mechanical screening failed (21.0 < 62)
P29,,2,5,True,2025-01-17 09:15:00,114,582,258,175,432,412,538,363,7,4,9,0.04116225169004738,0.06138909430904115,0.04888213126958909,84,95,25,63,85,55,ACCEPT,Accepted (score=63.1)
P29,,2,6,True,2025-01-17 09:18:00,131,617,268,85,490,307,529,289,7,4,9,0.055391067798562725,0.06341164110475181,0.05666742130946681,59,79,31,60,84,73,REJECT,Mechanical screening failed (60.0 < 62)
P29,,3,1,True,2025-01-21 09:03:00,146,623,243,246,332,420,744,284,7,4,9,0.06453188354551245,0.08177919825257264,0.05447152049489752,40,34,31,38,77,36,REJECT,Gap screening failed (36.0 < 38)
P29,,3,2,True,2025-01-21 09:06:00,90,658,225,257,354,392,533,331,7,4,9,0.0492569127281874,0.06841822483027317,0.057066838839293525,76,67,34,49,84,71,REJECT,Mechanical screening failed (49.0 < 62)
P29,,3,3,True,2025-01-21 09:09:00,125,660,270,63,588,382,495,339,7,4,9,0.04732585342575842,0.0713526029580527,0.0660781857034607,44,61,27,36,84,55,REJECT,Mechanical screening failed (36.0 < 62)
P29,,3,4,True,2025-01-21 09:12:00,95,582,260,258,265,365,564,253,7,4,9,0.061033938503302534,0.07128488977333473,0.0716824758118505,71,68,23,48,80,81,REJECT,Mechanical screening failed (48.0 < 62)
P29,,3,5,True,2025-01-21 09:15:00,122,630,270,97,450,250,577,322,7,4,9,0.06290589370520609,0.06897474778764229,0.0623009963062585,89,66,25,65,79,53,ACCEPT,Accepted (score=62.3)
P29,,3,6,True,2025-01-21 09:18:00,112,594,236,109,396,146,617,255,7,4,9,0.05627501794439078,0.08854466272549566,0.06107888499679648,64,90,27,40,81,65,REJECT,Mechanical screening failed (40.0 < 62)
P29,,4,1,True,2025-01-28 09:03:00,130,654,227,75,440,303,656,309,7,4,9,0.04575031565926315,0.06788555782732014,0.05163594216905036,43,81,29,54,82,48,REJECT,Mechanical screening failed (54.0 < 62)
P29,,4,2,True,2025-01-28 09:06:00,103,626,264,199,468,331,533,281,7,4,9,0.04345329593172509,0.05923996934715935,0.04764289567670261,67,64,28,78,83,81,ACCEPT,Accepted (score=79.9)
P29,,4,3,True,2025-01-28 09:09:00,138,649,262,131,367,319,533,408,7,4,9,0.07961167871870536,0.0847135593785479,0.08249810742577074,92,74,38,68,76,54,ACCEPT,Accepted (score=63.6)
P29,,4,4,True,2025-01-28 09:12:00,126,612,236,197,469,312,568,219,7,4,9,0.056675265275004896,0.059837096704278565,0.046864206873172956,53,91,23,70,83,49,ACCEPT,Accepted (score=63.6)
P29,,4,5,True,2025-01-28 09:15:00,126,620,283,231,269,302,489,312,7,4,9,0.07487972306302756,0.06072183591177153,0.09749139621216267,57,80,32,51,75,68,REJECT,Mechanical screening failed (51.0 < 62)
P29,,4,6,True,2025-01-28 09:18:00,135,634,244,301,392,453,570,268,7,4,9,0.04714381623223641,0.06392769883682695,0.04712619365700768,73,77,24,44,84,79,REJECT,Mechanical screening failed (44.0 < 62)
P29,,5,1,True,2025-02-04 09:03:00,121,659,214,140,286,185,465,318,7,4,9,0.05225954388161955,0.0861002425040305,0.054727589870249886,62,63,23,34,83,81,REJECT,Mechanical screening failed (34.0 < 62)
P29,,5,2,True,2025-02-04 09:06:00,139,615,216,154,554,390,682,381,7,4,9,0.04431005027906646,0.06847267537322033,0.048020885315768064,70,78,21,34,83,83,REJECT,Mechanical screening failed (34.0 < 62)
P29,,5,3,True,2025-02-04 09:09:00,114,613,274,102,732,311,634,318,7,4,9,0.04180825306162757,0.06183008674535463,0.04918981622183284,61,61,24,45,86,77,REJECT,Mechanical screening failed (45.0 < 62)
P29,,5,4,True,2025-02-04 09:12:00,108,617,285,332,322,302,436,291,7,4,9,0.0431157216386161,0.0632816397597024,0.04896155886680391,94,67,29,46,82,49,REJECT,Mechanical screening failed (46.0 < 62)
P29,,5,5,True,2025-02-04 09:15:00,134,610,261,293,318,371,555,307,7,4,9,0.04876680408713727,0.06677108711135143,0.048426631835272974,39,75,31,54,83,49,REJECT,Mechanical screening failed (54.0 < 62)
P29,,5,6,True,2025-02-04 09:18:00,135,581,252,92,384,225,486,361,7,4,9,0.041233141610916985,0.062132947128601256,0.05729608003749055,34,61,25,45,84,42,REJECT,Mechanical screening failed (45.0 < 62)
P29,P44,99,0,False,2025-01-15 10:49:00,151,573,323,481,335,281,618,100,8,1,6,0.21223261149120212,0.21271885245018557,0.20834444321236453,30,45,28,26,53,63,REJECT,Mechanical screening failed (26.0 < 62)
P29,P44,99,0,False,2025-01-15 09:20:00,239,556,258,227,628,397,626,272,7,1,3,0.19974962971596802,0.22602741166847493,0.20424409446225622,20,55,20,28,49,51,REJECT,Mechanical screening failed (28.0 < 62)
P29,P44,99,0,False,2025-01-15 09:42:00,114,561,299,329,825,385,587,352,5,9,5,0.20003487622345334,0.2235621046137137,0.21092462377437526,81,79,27,39,50,37,REJECT,Gap screening failed (37.0 < 38)
P29,P44,99,0,False,2025-01-15 09:52:00,160,523,315,309,457,235,555,100,6,3,7,0.21011239990616834,0.2071149833251612,0.20463918883363313,64,60,12,37,51,60,REJECT,Mechanical screening failed (37.0 < 62)
P29,P44,99,0,False,2025-01-15 10:28:00,135,562,349,50,510,161,321,251,1,3,0,0.19722198537746255,0.21354889830286605,0.22125654508640388,31,24,17,20,51,39,REJECT,Mechanical screening failed (20.0 < 62)
P29,P40,99,0,False,2025-01-15 10:03:00,147,568,321,304,355,208,309,522,7,9,7,0.20093527802334252,0.22306310617750916,0.20736766986128347,26,80,13,12,51,59,REJECT,Mechanical screening failed (12.0 < 62)
P29,P40,99,0,False,2025-01-15 09:36:00,126,533,238,312,574,268,494,583,8,5,6,0.18596698739476866,0.22049156807824144,0.20364447686920845,32,66,11,28,49,73,REJECT,Mechanical screening failed (28.0 < 62)
P29,P40,99,0,False,2025-01-15 10:24:00,129,486,155,120,354,447,379,131,5,9,5,0.19600224650893278,0.21264340798406392,0.2003627254773662,20,72,16,15,50,55,REJECT,Mechanical screening failed (15.0 < 62)
P29,P40,99,0,False,2025-01-15 11:00:00,142,561,247,528,413,182,745,517,9,9,4,0.16992922966930063,0.2184265833635563,0.1897668005061646,20,24,17,16,51,29,REJECT,Gap screening failed (29.0 < 38)
P29,P40,99,0,False,2025-01-15 09:51:00,92,525,241,217,245,217,358,100,3,1,4,0.2036968287464621,0.21782575440957935,0.2123815777924573,31,71,11,16,50,74,REJECT,Mechanical screening failed (16.0 < 62)
P29,P05,99,0,False,2025-01-15 10:44:00,42,633,333,215,438,151,484,661,8,6,8,0.1736772229962568,0.21309066494282797,0.21484249087740226,68,20,18,19,49,74,REJECT,Mechanical screening failed (19.0 < 62)
P29,P05,99,0,False,2025-01-15 10:37:00,155,691,350,373,431,316,540,380,2,2,8,0.18583723336282149,0.22156611880831995,0.22569853089459999,42,32,22,55,50,53,REJECT,Mechanical screening failed (55.0 < 62)
P29,P05,99,0,False,2025-01-15 10:10:00,116,714,287,424,612,416,346,333,2,5,5,0.21723368175736987,0.1701947470419585,0.20102812037940077,20,69,24,18,49,14,REJECT,Gap screening failed (14.0 < 38)
P29,P05,99,0,False,2025-01-15 09:04:00,23,672,310,350,449,450,529,327,9,1,6,0.17295224744624474,0.21551872978826536,0.21817391289380728,23,49,14,41,46,23,REJECT,Gap screening failed (23.0 < 38)
P29,P05,99,0,False,2025-01-15 09:58:00,21,726,342,220,377,313,634,114,2,8,2,0.1987461249346635,0.19364054062425712,0.15893030064422156,47,20,20,36,54,85,REJECT,Mechanical screening failed (36.0 < 62)
P21,,1,1,True,2025-01-15 09:03:00,126,650,396,164,362,230,502,261,4,5,5,0.08051441731129332,0.0945427775015119,0.08767321124634218,34,42,24,62,75,73,ACCEPT,Accepted (score=68.4)
P21,,1,2,True,2025-01-15 09:06:00,142,676,432,53,351,406,593,410,4,5,5,0.09473757777597111,0.079990827835436,0.07035137109068296,57,47,23,31,78,57,REJECT,Mechanical screening failed (31.0 < 62)
P21,,1,3,True,2025-01-15 09:09:00,97,648,435,50,498,279,372,384,4,5,5,0.06225965431241403,0.08083982756707199,0.07793086319884683,40,57,23,47,79,90,REJECT,Mechanical screening failed (47.0 < 62)
P21,,1,4,True,2025-01-15 09:12:00,130,648,386,267,391,391,440,251,4,5,5,0.09285958106255296,0.07247555244652633,0.0737345381851854,56,51,19,50,79,64,REJECT,Mechanical screening failed (50.0 < 62)
P21,,1,5,True,2025-01-15 09:15:00,112,660,352,109,529,352,393,361,4,5,5,0.05468756087030285,0.07848177573896532,0.06636321405750095,20,49,15,45,82,52,REJECT,Mechanical screening failed (45.0 < 62)
P21,,1,6,True,2025-01-15 09:18:00,137,692,409,98,605,455,572,273,4,5,5,0.07063397256578328,0.08028847218391962,0.0845550167812223,53,61,14,25,74,70,REJECT,Mechanical screening failed (25.0 < 62)
P21,,2,1,True,2025-01-17 09:03:00,109,692,383,326,413,229,473,240,4,5,5,0.07273659671534101,0.10029308391236248,0.06916116681006823,34,66,20,32,75,63,REJECT,Mechanical screening failed (32.0 < 62)
P21,,2,2,True,2025-01-17 09:06:00,165,633,435,131,418,248,528,320,4,5,5,0.05320175840569247,0.07312716617710951,0.08273727222934016,42,40,21,61,79,68,REJECT,Mechanical screening failed (61.0 < 62)
P21,,2,3,True,2025-01-17 09:09:00,139,651,433,188,346,275,391,459,4,5,5,0.06939849708113102,0.08804031845695708,0.07830737130592297,32,52,20,50,79,76,REJECT,Mechanical screening failed (50.0 < 62)
P21,,2,4,True,2025-01-17 09:12:00,113,645,425,178,170,391,484,469,4,5,5,0.061200259742071314,0.0852422026620916,0.07239788829616138,23,57,27,46,79,57,REJECT,Mechanical screening failed (46.0 < 62)
P21,,2,5,True,2025-01-17 09:15:00,119,660,426,172,386,401,453,259,4,5,5,0.05637055729146159,0.07251410700679589,0.07573707399577555,51,56,22,67,80,76,ACCEPT,Accepted (score=72.6)
P21,,2,6,True,2025-01-17 09:18:00,113,684,428,174,391,329,448,579,4,5,5,0.06348541527187729,0.08218498733839558,0.08013929992794132,20,74,17,61,77,37,REJECT,Gap screening failed (37.0 < 38)
P21,,3,1,True,2025-01-21 09:03:00,118,622,415,118,385,401,598,366,4,5,5,0.06893524833191672,0.08759613040432974,0.06909907669361716,43,47,35,44,77,79,REJECT,Mechanical screening failed (44.0 < 62)
P21,,3,2,True,2025-01-21 09:06:00,95,666,457,217,452,356,395,209,4,5,5,0.054619057476773925,0.08256234098323724,0.07597261176200451,28,21,25,42,78,38,REJECT,Mechanical screening failed (42.0 < 62)
P21,,3,3,True,2025-01-21 09:09:00,93,672,375,239,466,239,460,311,4,5,5,0.06200239118390664,0.10234258624534447,0.09808536355133281,38,66,32,54,74,70,REJECT,Mechanical screening failed (54.0 < 62)
P21,,3,4,True,2025-01-21 09:12:00,108,625,419,163,335,189,445,384,4,5,5,0.06654142794560208,0.08744168062168242,0.0737827062135078,48,60,23,51,79,80,REJECT,Mechanical screening failed (51.0 < 62)
P21,,3,5,True,2025-01-21 09:15:00,97,649,365,88,443,277,539,245,4,5,5,0.06888180602577522,0.08512537693264004,0.07733783816199383,38,64,21,48,80,73,REJECT,Mechanical screening failed (48.0 < 62)
P21,,3,6,True,2025-01-21 09:18:00,129,685,408,86,296,204,457,339,4,5,5,0.06453546871521347,0.0973341239039382,0.07508580627910172,0,39,25,47,75,25,REJECT,Gap screening failed (25.0 < 38)
P21,,4,1,True,2025-01-28 09:03:00,115,662,413,263,402,374,446,251,4,5,5,0.07208216082988406,0.09123017167868233,0.08346180687529331,47,82,27,57,77,52,REJECT,Mechanical screening failed (57.0 < 62)
P21,,4,2,True,2025-01-28 09:06:00,148,676,409,283,630,214,157,283,4,5,5,0.07510234679377069,0.11223802564773268,0.0738248420194769,0,33,25,22,73,22,REJECT,Gap screening failed (22.0 < 38)
P21,,4,3,True,2025-01-28 09:09:00,132,620,361,72,451,322,527,319,4,5,5,0.0771956784087202,0.08300329879904901,0.08277208071843227,43,55,14,54,76,94,REJECT,Mechanical screening failed (54.0 < 62)
P21,,4,4,True,2025-01-28 09:12:00,119,648,404,284,443,374,442,174,4,5,5,0.07123162177674891,0.08700015885121838,0.06935779008420559,20,59,26,42,77,50,REJECT,Mechanical screening failed (42.0 < 62)
P21,,4,5,True,2025-01-28 09:15:00,109,636,387,50,330,289,595,455,4,5,5,0.07610502917230906,0.07682205284554192,0.06324683348153542,46,52,19,41,77,83,REJECT,Mechanical screening failed (41.0 < 62)
P21,,4,6,True,2025-01-28 09:18:00,115,597,409,164,395,301,473,272,4,5,5,0.054061194292807514,0.1072700665209081,0.06978249118828635,45,34,16,74,78,54,ACCEPT,Accepted (score=66.6)
P21,,5,1,True,2025-02-04 09:03:00,132,657,418,201,415,164,585,128,4,5,5,0.06329679430577716,0.0903042806388478,0.07364250341024658,52,68,21,20,77,70,REJECT,Mechanical screening failed (20.0 < 62)
P21,,5,2,True,2025-02-04 09:06:00,153,654,377,198,524,247,796,243,4,5,5,0.06475427401531565,0.07728281381565413,0.07521528074264265,20,46,18,32,77,50,REJECT,Mechanical screening failed (32.0 < 62)
P21,,5,3,True,2025-02-04 09:09:00,123,698,392,99,428,235,448,271,4,5,5,0.06451202101878574,0.10655012622940262,0.06819419135735359,41,73,24,57,80,65,REJECT,Mechanical screening failed (57.0 < 62)
P21,,5,4,True,2025-02-04 09:12:00,128,629,447,265,509,164,446,195,4,5,5,0.05283980969299857,0.09936620041005448,0.09172455154392567,33,30,14,26,78,51,REJECT,Mechanical screening failed (26.0 < 62)
P21,,5,5,True,2025-02-04 09:15:00,140,666,407,137,520,267,279,380,4,5,5,0.06317464950808142,0.09117415766506752,0.0783856772295864,52,40,17,45,78,54,REJECT,Mechanical screening failed (45.0 < 62)
P21,,5,6,True,2025-02-04 09:18:00,132,636,432,266,372,286,616,282,4,5,5,0.0914014495877774,0.08644389224927032,0.0791668197696621,47,47,23,50,74,72,REJECT,Mechanical screening failed (50.0 < 62)
P21,P30,99,0,False,2025-01-15 09:11:00,186,674,183,281,499,305,437,359,3,3,2,0.1640715486561889,0.17712374885065232,0.1945921918756002,53,48,39,39,52,66,REJECT,Mechanical screening failed (39.0 < 62)
P21,P30,99,0,False,2025-01-15 09:40:00,127,628,202,200,446,129,318,243,8,6,5,0.15991928477879644,0.17719334559352573,0.1869564222538512,39,89,39,27,57,19,REJECT,Gap screening failed (19.0 < 38)
P21,P30,99,0,False,2025-01-15 09:32:00,242,641,191,164,176,338,496,201,1,6,3,0.16883819602855937,0.17656593289599654,0.16647277221559117,59,20,34,25,56,44,REJECT,Mechanical screening failed (25.0 < 62)
P21,P30,99,0,False,2025-01-15 09:41:00,192,627,203,452,365,547,460,361,9,6,0,0.1633275132027671,0.1607959633380329,0.22265919987627011,77,41,20,35,57,74,REJECT,Mechanical screening failed (35.0 < 62)
P21,P30,99,0,False,2025-01-15 09:14:00,129,600,271,257,374,173,404,323,8,1,2,0.15888551264491857,0.21085144645968232,0.2379312709824694,56,103,40,58,53,21,REJECT,Gap screening failed (21.0 < 38)
P21,P05,99,0,False,2025-01-15 10:38:00,88,599,354,294,395,296,461,575,9,0,5,0.15381035891235395,0.17070474047160422,0.2030252268761315,78,20,31,44,57,61,REJECT,Mechanical screening failed (44.0 < 62)
P21,P05,99,0,False,2025-01-15 09:51:00,197,738,312,321,417,436,768,522,0,9,0,0.17259937682840507,0.187910849526728,0.17905331976308833,58,20,28,18,53,91,REJECT,Mechanical screening failed (18.0 < 62)
P21,P05,99,0,False,2025-01-15 10:50:00,164,715,322,336,583,370,689,100,9,2,5,0.18087122702337197,0.17568960494330044,0.17607238344609574,82,29,25,24,55,59,REJECT,Mechanical screening failed (24.0 < 62)
P21,P05,99,0,False,2025-01-15 10:05:00,93,618,334,51,321,251,581,673,6,2,8,0.193444997298263,0.17498649804505764,0.1562299268757689,55,20,20,36,56,97,REJECT,Mechanical screening failed (36.0 < 62)
P21,P05,99,0,False,2025-01-15 10:45:00,111,727,326,138,51,313,484,416,2,6,5,0.18673440535932037,0.1583932723360376,0.17881621573130585,32,20,19,37,53,58,REJECT,Mechanical screening failed (37.0 < 62)
P21,P10,99,0,False,2025-01-15 09:00:00,157,629,226,345,559,506,438,139,3,4,6,0.24115364010294854,0.2247804076599789,0.24003945009821395,83,64,13,30,45,65,REJECT,Mechanical screening failed (30.0 < 62)
P21,P10,99,0,False,2025-01-15 10:24:00,159,620,225,180,589,50,615,196,4,2,2,0.2493367076569424,0.22833886293041458,0.23839860367119065,21,55,6,13,43,32,REJECT,Gap screening failed (32.0 < 38)
P21,P10,99,0,False,2025-01-15 10:51:00,88,670,192,499,416,431,310,131,9,4,7,0.25028998746703995,0.22899237784383322,0.22949780306956108,63,60,23,20,47,91,REJECT,Mechanical screening failed (20.0 < 62)
P21,P10,99,0,False,2025-01-15 10:09:00,134,692,255,493,391,452,383,192,6,0,6,0.2666824442979342,0.2337377315512806,0.2259763464203577,149,78,12,32,41,18,REJECT,Gap screening failed (18.0 < 38)
P21,P10,99,0,False,2025-01-15 09:59:00,85,764,270,511,311,339,296,520,2,7,6,0.23894415581999373,0.25432582106797397,0.23296072101944781,60,20,25,26,45,35,REJECT,Gap screening failed (35.0 < 38)
P23,,1,1,True,2025-01-15 09:03:00,181,557,384,264,420,273,521,512,0,5,7,0.07264877436621998,0.0767909382251663,0.06846865498050421,55,74,30,55,77,60,REJECT,Mechanical screening failed (55.0 < 62)
P23,,1,2,True,2025-01-15 09:06:00,138,579,377,245,341,224,558,311,0,5,7,0.06124395877021938,0.07525361563289389,0.08088285063274986,66,0,30,64,79,19,REJECT,Gap screening failed (19.0 < 38)
P23,,1,3,True,2025-01-15 09:09:00,154,586,367,213,252,452,474,329,0,5,7,0.08356535826837012,0.08262741445265635,0.06880249600945068,38,83,38,43,77,37,REJECT,Gap screening failed (37.0 < 38)
P23,,1,4,True,2025-01-15 09:12:00,157,588,400,115,335,269,516,253,0,5,7,0.09449224613995873,0.07889516166616634,0.0719215990942855,71,73,29,56,75,58,REJECT,Mechanical screening failed (56.0 < 62)
P23,,1,5,True,2025-01-15 09:15:00,155,573,420,306,342,317,390,362,0,5,7,0.06152794211347463,0.09755862968374505,0.10662919283879879,52,41,32,43,76,72,REJECT,Mechanical screening failed (43.0 < 62)
P23,,1,6,True,2025-01-15 09:18:00,171,591,373,198,371,351,471,312,0,5,7,0.06292002424716943,0.08412574295249453,0.08058572492406542,72,63,32,70,75,58,ACCEPT,Accepted (score=66.0)
P23,,2,1,True,2025-01-17 09:03:00,142,599,400,278,578,233,394,281,0,5,7,0.0662683817617765,0.1007900241393475,0.07930036402746737,54,47,37,54,78,80,REJECT,Mechanical screening failed (54.0 < 62)
P23,,2,2,True,2025-01-17 09:06:00,153,567,372,198,346,218,565,184,0,5,7,0.06499534906466116,0.08190332544622145,0.0746600352710245,45,56,37,51,76,80,REJECT,Mechanical screening failed (51.0 < 62)
P23,,2,3,True,2025-01-17 09:09:00,138,628,418,282,332,234,440,385,0,5,7,0.08947880143172393,0.07439755062765174,0.07115071643308789,56,65,27,51,78,73,REJECT,Mechanical screening failed (51.0 < 62)
P23,,2,4,True,2025-01-17 09:12:00,126,584,400,113,511,321,418,366,0,5,7,0.05774568062886225,0.07297073886021616,0.07899716160199358,68,67,30,43,77,62,REJECT,Mechanical screening failed (43.0 < 62)
P23,,2,5,True,2025-01-17 09:15:00,184,535,363,166,401,81,450,239,0,5,7,0.0727138981864088,0.09905350958108043,0.08168650008301397,53,49,40,36,74,86,REJECT,Mechanical screening failed (36.0 < 62)
P23,,2,6,True,2025-01-17 09:18:00,146,602,394,128,455,314,463,384,0,5,7,0.07253672940139642,0.07679757931323503,0.08176073946840426,60,61,31,57,78,77,REJECT,Mechanical screening failed (57.0 < 62)
P23,,3,1,True,2025-01-21 09:03:00,167,586,383,197,345,122,587,294,0,5,7,0.07056161528472257,0.07463777697944869,0.0759324009007369,56,45,31,43,78,72,REJECT,Mechanical screening failed (43.0 < 62)
P23,,3,2,True,2025-01-21 09:06:00,157,540,411,159,444,218,474,387,0,5,7,0.0688228534289735,0.07279171474534234,0.08055678854525802,43,46,32,61,81,79,REJECT,Mechanical screening failed (61.0 < 62)
P23,,3,3,True,2025-01-21 09:09:00,157,582,361,212,368,314,470,365,0,5,7,0.054664261424367595,0.07244701231178173,0.07513981454973873,51,22,23,72,78,45,ACCEPT,Accepted (score=62.1)
P23,,3,4,True,2025-01-21 09:12:00,150,574,389,232,391,168,444,314,0,5,7,0.057377745349276046,0.07539768991805249,0.06685514018645661,89,41,25,78,79,32,REJECT,Gap screening failed (32.0 < 38)
P23,,3,5,True,2025-01-21 09:15:00,146,570,404,273,339,194,557,215,0,5,7,0.08799929021780664,0.07831435551934646,0.0867041655647164,40,37,38,45,73,63,REJECT,Mechanical screening failed (45.0 < 62)
P23,,3,6,True,2025-01-21 09:18:00,159,574,385,248,438,179,428,298,0,5,7,0.09251494832111318,0.07692875478513199,0.06930508803280026,40,31,33,78,77,52,ACCEPT,Accepted (score=67.5)
P23,,4,1,True,2025-01-28 09:03:00,170,549,383,318,368,264,328,437,0,5,7,0.06342177188174576,0.07755744808129326,0.07025484931263164,72,34,24,43,81,39,REJECT,Mechanical screening failed (43.0 < 62)
P23,,4,2,True,2025-01-28 09:06:00,147,585,396,264,291,194,437,279,0,5,7,0.07137278956011761,0.08436350567166606,0.08699645273297132,32,41,37,59,75,56,REJECT,Mechanical screening failed (59.0 < 62)
P23,,4,3,True,2025-01-28 09:09:00,159,577,379,269,370,301,464,255,0,5,7,0.11598993444611413,0.08191574515837424,0.07133395133787723,51,45,32,70,70,81,ACCEPT,Accepted (score=74.4)
P23,,4,4,True,2025-01-28 09:12:00,161,594,399,189,429,271,429,271,0,5,7,0.06148298496661672,0.07685178129735032,0.0730975704107524,60,52,29,85,77,78,ACCEPT,Accepted (score=81.0)
P23,,4,5,True,2025-01-28 09:15:00,185,574,351,50,403,360,500,304,0,5,7,0.0671053747420784,0.15157131176052283,0.07302759796385255,55,63,36,44,74,77,REJECT,Mechanical screening failed (44.0 < 62)
P23,,4,6,True,2025-01-28 09:18:00,171,586,408,122,437,277,433,353,0,5,7,0.096711469016279,0.07371516026987679,0.07086632408785297,57,36,25,67,77,56,ACCEPT,Accepted (score=64.1)
P23,,5,1,True,2025-02-04 09:03:00,133,583,387,90,269,289,599,100,0,5,7,0.08729796787672042,0.07528468275513484,0.07035437340920431,64,48,28,33,75,65,REJECT,Mechanical screening failed (33.0 < 62)
P23,,5,2,True,2025-02-04 09:06:00,175,579,375,219,376,274,593,280,0,5,7,0.07944865356581549,0.07575237055482137,0.07964283728169051,38,59,40,64,77,62,ACCEPT,Accepted (score=65.2)
P23,,5,3,True,2025-02-04 09:09:00,164,581,363,254,410,102,445,179,0,5,7,0.07027028495555908,0.07934887895796405,0.06968405454049384,70,105,31,42,80,30,REJECT,Gap screening failed (30.0 < 38)
P23,,5,4,True,2025-02-04 09:12:00,153,550,374,50,450,150,419,397,0,5,7,0.06156900321526684,0.07851975816530742,0.08110965694880987,83,68,38,32,78,44,REJECT,Mechanical screening failed (32.0 < 62)
P23,,5,5,True,2025-02-04 09:15:00,159,557,380,167,411,372,525,358,0,5,7,0.07024125506002311,0.08111518077846029,0.0710236275529962,75,49,31,54,76,52,REJECT,Mechanical screening failed (54.0 < 62)
P23,,5,6,True,2025-02-04 09:18:00,147,572,390,115,541,316,449,379,0,5,7,0.06930637332840427,0.0784032647894969,0.07895812990873542,51,46,34,45,75,84,REJECT,Mechanical screening failed (45.0 < 62)
P23,P49,99,0,False,2025-01-15 09:52:00,147,617,394,434,165,594,668,194,9,0,8,0.1419473176736799,0.15091856987831775,0.13545336575589031,22,32,25,10,63,54,REJECT,Mechanical screening failed (10.0 < 62)
P23,P49,99,0,False,2025-01-15 09:06:00,149,710,330,230,458,481,880,100,9,0,2,0.14125703728713257,0.15353166696603418,0.13981695579668355,86,36,30,15,61,36,REJECT,Gap screening failed (36.0 < 38)
P23,P49,99,0,False,2025-01-15 09:24:00,139,757,266,80,522,396,347,190,9,3,7,0.13912958410364132,0.1568925350530243,0.1366113605482884,27,20,19,21,62,57,REJECT,Mechanical screening failed (21.0 < 62)
P23,P49,99,0,False,2025-01-15 10:06:00,134,599,330,295,728,487,502,187,9,6,8,0.14147656231503117,0.15197185254083634,0.14627130061971824,0,24,22,24,60,25,REJECT,Gap screening failed (25.0 < 38)
P23,P49,99,0,False,2025-01-15 09:46:00,145,630,324,122,619,305,557,297,5,0,1,0.14559488916005936,0.1492733804584452,0.14828651251474292,35,30,22,58,60,80,REJECT,Mechanical screening failed (58.0 < 62)
P23,P25,99,0,False,2025-01-15 10:19:00,81,626,404,178,356,154,715,179,2,3,2,0.09612063449741462,0.11974515391636836,0.12062850280849059,61,20,36,25,68,88,REJECT,Mechanical screening failed (25.0 < 62)
P23,P25,99,0,False,2025-01-15 10:36:00,147,606,511,114,231,383,250,189,7,7,8,0.09294972153386853,0.11248779744200037,0.11658174262360915,29,20,26,15,69,40,REJECT,Mechanical screening failed (15.0 < 62)
P23,P25,99,0,False,2025-01-15 10:03:00,91,608,437,50,429,501,451,342,2,2,9,0.10321849036526003,0.10327333101160263,0.10859697956080448,60,59,31,34,71,34,REJECT,Gap screening failed (34.0 < 38)
P23,P25,99,0,False,2025-01-15 10:20:00,132,600,368,149,738,351,666,338,8,2,4,0.09405974554847658,0.10816357415571083,0.12827058448703157,86,25,28,30,72,69,REJECT,Mechanical screening failed (30.0 < 62)
P23,P25,99,0,False,2025-01-15 09:56:00,125,638,459,307,322,333,395,167,2,2,2,0.0919873001105998,0.11469507172916701,0.12952798221571044,97,33,41,33,68,56,REJECT,Mechanical screening failed (33.0 < 62)
P23,P30,99,0,False,2025-01-15 10:37:00,184,628,324,161,305,50,314,214,8,7,8,0.14045763140882456,0.15210726123347842,0.15275984970060186,26,50,35,18,59,32,REJECT,Gap screening failed (32.0 < 38)
P23,P30,99,0,False,2025-01-15 09:06:00,172,529,194,170,234,241,344,388,8,6,0,0.14649773397136237,0.1496990358352723,0.17136614537242814,59,20,36,31,61,44,REJECT,Mechanical screening failed (31.0 < 62)
P23,P30,99,0,False,2025-01-15 09:26:00,194,502,229,201,234,458,685,100,6,6,5,0.16153109163203597,0.16579530235230877,0.15173604013040046,20,71,29,11,62,18,REJECT,Gap screening failed (18.0 < 38)
P23,P30,99,0,False,2025-01-15 09:34:00,169,577,231,184,324,265,366,106,2,9,5,0.14927655357101055,0.1494397277088169,0.14443183598686457,100,36,30,44,60,41,REJECT,Mechanical screening failed (44.0 < 62)
P23,P30,99,0,False,2025-01-15 10:10:00,163,651,299,339,174,476,509,349,1,4,5,0.1617158847970412,0.16013026712291928,0.14668672556929027,77,49,45,20,56,83,REJECT,Mechanical screening failed (20.0 < 62)
P43,,1,1,True,2025-01-15 09:03:00,96,574,336,138,502,290,510,272,9,6,5,0.049668790648036684,0.07518962608708132,0.07064154040637666,73,57,17,66,81,79,ACCEPT,Accepted (score=73.5)
P43,,1,2,True,2025-01-15 09:06:00,75,557,308,218,461,408,611,214,9,6,5,0.05405494944888454,0.08341248675030882,0.06277666476780501,78,41,20,51,78,67,REJECT,Mechanical screening failed (51.0 < 62)
P43,,1,3,True,2025-01-15 09:09:00,99,577,307,214,281,311,421,317,9,6,5,0.05125511011604384,0.07573508243421179,0.06357918439417423,73,36,23,50,78,66,REJECT,Mechanical screening failed (50.0 < 62)
P43,,1,4,True,2025-01-15 09:12:00,87,586,359,211,456,266,515,498,9,6,5,0.04771615784947271,0.07379567326488203,0.05979833667138821,67,60,18,46,81,73,REJECT,Mechanical screening failed (46.0 < 62)
P43,,1,5,True,2025-01-15 09:15:00,77,574,278,406,394,420,560,134,9,6,5,0.05703707814426768,0.0907822665283351,0.06666509760970345,68,40,24,20,80,78,REJECT,Mechanical screening failed (20.0 < 62)
P43,,1,6,True,2025-01-15 09:18:00,107,573,377,247,408,327,430,225,9,6,5,0.04976784605679525,0.07573122374619494,0.06208174792193532,86,71,11,56,82,52,REJECT,Mechanical screening failed (56.0 < 62)
P43,,2,1,True,2025-01-17 09:03:00,64,571,267,152,527,461,518,193,9,6,5,0.05544120435919113,0.09785420744382316,0.06382641368797316,59,52,24,38,79,74,REJECT,Mechanical screening failed (38.0 < 62)
P43,,2,2,True,2025-01-17 09:06:00,84,498,358,308,540,221,408,317,9,6,5,0.04708920653590237,0.06848177522207106,0.07741481584974488,60,51,20,23,83,77,REJECT,Mechanical screening failed (23.0 < 62)
P43,,2,3,True,2025-01-17 09:09:00,50,548,323,261,373,441,368,182,9,6,5,0.05868292661502485,0.07838667428473776,0.06803782872831617,51,34,30,38,78,60,REJECT,Mechanical screening failed (38.0 < 62)
P43,,2,4,True,2025-01-17 09:12:00,82,533,366,195,521,418,549,204,9,6,5,0.060551762726876124,0.08040728877750102,0.07692538639210948,66,41,28,49,76,79,REJECT,Mechanical screening failed (49.0 < 62)
P43,,2,5,True,2025-01-17 09:15:00,77,517,340,50,476,290,514,196,9,6,5,0.04762695157534039,0.07058742455123707,0.07279935560300169,81,44,23,37,82,68,REJECT,Mechanical screening failed (37.0 < 62)
P43,,2,6,True,2025-01-17 09:18:00,80,568,350,269,433,320,605,246,9,6,5,0.05375713296263984,0.07531224751329568,0.07263151268521885,76,40,24,60,81,68,REJECT,Mechanical screening failed (60.0 < 62)
P43,,3,1,True,2025-01-21 09:03:00,82,543,333,97,456,358,506,312,9,6,5,0.05108409284456658,0.07199822716685901,0.06710045213315498,64,41,18,75,80,78,ACCEPT,Accepted (score=77.0)
P43,,3,2,True,2025-01-21 09:06:00,76,525,330,229,440,270,514,331,9,6,5,0.048924742805267915,0.08212352905540071,0.058799164745918425,66,61,16,60,81,70,REJECT,Mechanical screening failed (60.0 < 62)
P43,,3,3,True,2025-01-21 09:09:00,115,519,356,387,413,290,598,232,9,6,5,0.05148663475507337,0.07339261384605511,0.05945137118471818,68,45,13,34,81,89,REJECT,Mechanical screening failed (34.0 < 62)
P43,,3,4,True,2025-01-21 09:12:00,73,519,373,252,474,370,353,408,9,6,5,0.05311566982887005,0.07945012588178584,0.06715820692309926,77,38,24,35,79,63,REJECT,Mechanical screening failed (35.0 < 62)
P43,,3,5,True,2025-01-21 09:15:00,81,606,323,79,389,471,394,303,9,6,5,0.055192663165324,0.08839454817672876,0.0686305183140401,67,48,25,37,77,95,REJECT,Mechanical screening failed (37.0 < 62)
P43,,3,6,True,2025-01-21 09:18:00,95,598,370,148,316,475,566,493,9,6,5,0.05022234383499539,0.08883403517458183,0.06628275083998353,79,39,17,30,80,62,REJECT,Mechanical screening failed (30.0 < 62)
P43,,4,1,True,2025-01-28 09:03:00,115,590,314,160,469,440,502,296,9,6,5,0.052659081976840307,0.0715641417384232,0.06315212255629178,80,59,17,64,82,72,ACCEPT,Accepted (score=69.9)
P43,,4,2,True,2025-01-28 09:06:00,89,591,345,341,556,350,495,401,9,6,5,0.0535650920583984,0.08546096342208266,0.059377631678116966,72,44,20,46,83,82,REJECT,Mechanical screening failed (46.0 < 62)
P43,,4,3,True,2025-01-28 09:09:00,86,527,372,188,366,291,466,382,9,6,5,0.050925955132703496,0.08015651616522107,0.06382033115581441,66,37,21,55,80,71,REJECT,Mechanical screening failed (55.0 < 62)
P43,,4,4,True,2025-01-28 09:12:00,92,543,347,50,466,328,617,243,9,6,5,0.05543433165606862,0.0702668442420558,0.07776872768342298,96,0,17,53,80,17,REJECT,Gap screening failed (17.0 < 38)
P43,,4,5,True,2025-01-28 09:15:00,87,572,328,154,471,350,488,242,9,6,5,0.04951854176410956,0.06962810038044516,0.06208305113307819,79,60,16,85,82,71,ACCEPT,Accepted (score=79.0)
P43,,4,6,True,2025-01-28 09:18:00,61,601,356,210,426,489,465,277,9,6,5,0.05203998786532642,0.07081298553935086,0.06102667085091132,63,50,17,58,82,85,REJECT,Mechanical screening failed (58.0 < 62)
P43,,5,1,True,2025-02-04 09:03:00,77,557,360,84,438,368,427,317,9,6,5,0.0457158382342615,0.07546528222396034,0.0590809051991697,83,53,17,66,82,72,ACCEPT,Accepted (score=70.8)
P43,,5,2,True,2025-02-04 09:06:00,110,600,337,115,418,366,473,428,9,6,5,0.0525418922030946,0.07342932455926032,0.06389651109087409,56,42,20,56,83,72,REJECT,Mechanical screening failed (56.0 < 62)
P43,,5,3,True,2025-02-04 09:09:00,58,549,332,118,338,336,370,221,9,6,5,0.059983013449103846,0.06932428727586393,0.06332260191369253,60,57,21,53,80,67,REJECT,Mechanical screening failed (53.0 < 62)
P43,,5,4,True,2025-02-04 09:12:00,67,529,303,68,380,486,447,347,9,6,5,0.05511376739069637,0.07225745741962819,0.061144796825806744,67,31,24,33,81,61,REJECT,Mechanical screening failed (33.0 < 62)
P43,,5,5,True,2025-02-04 09:15:00,87,526,347,50,452,388,552,161,9,6,5,0.0553441415085097,0.07495455828941071,0.07553471750284399,57,53,21,41,80,69,REJECT,Mechanical screening failed (41.0 < 62)
P43,,5,6,True,2025-02-04 09:18:00,97,532,330,90,473,372,532,224,9,6,5,0.057098851636846755,0.07328555408049155,0.07028231183975248,77,37,26,58,80,62,REJECT,Mechanical screening failed (58.0 < 62)
P43,P49,99,0,False,2025-01-15 09:16:00,178,621,344,50,753,345,489,369,7,8,4,0.2534798558027758,0.1833846539373162,0.22162983690956495,39,30,32,26,47,80,REJECT,Mechanical screening failed (26.0 < 62)
P43,P49,99,0,False,2025-01-15 10:58:00,138,594,348,161,446,578,599,168,3,9,7,0.19474024107269253,0.22650350416347353,0.2517307325878091,20,64,23,39,49,30,REJECT,Gap screening failed (30.0 < 38)
P43,P49,99,0,False,2025-01-15 09:36:00,173,680,267,223,511,220,667,291,5,3,8,0.22106655314751752,0.2720784168760047,0.2311454581339893,42,43,30,33,44,85,REJECT,Mechanical screening failed (33.0 < 62)
P43,P49,99,0,False,2025-01-15 09:56:00,112,668,259,50,245,91,337,626,3,4,2,0.20593414491758266,0.2253986958409042,0.1796934851313164,20,31,24,10,53,51,REJECT,Mechanical screening failed (10.0 < 62)
P43,P49,99,0,False,2025-01-15 10:52:00,133,717,351,295,661,306,411,361,9,8,1,0.2133048213752509,0.21975844579387263,0.22242235159742849,20,20,20,28,49,53,REJECT,Mechanical screening failed (28.0 < 62)
P43,P36,99,0,False,2025-01-15 10:29:00,170,700,310,335,331,261,591,460,8,0,1,0.14585573134831376,0.1254788838962265,0.1755734974883867,86,36,15,29,62,69,REJECT,Mechanical screening failed (29.0 < 62)
P43,P36,99,0,False,2025-01-15 10:02:00,242,660,299,84,638,435,816,332,8,3,2,0.13646426553115998,0.15462090742603904,0.18194745133303641,20,63,23,25,59,12,REJECT,Gap screening failed (12.0 < 38)
P43,P36,99,0,False,2025-01-15 09:15:00,220,639,310,147,432,573,355,245,1,1,7,0.17266261009937373,0.14202636920718065,0.1743904534378701,93,22,18,19,57,61,REJECT,Mechanical screening failed (19.0 < 62)
P43,P36,99,0,False,2025-01-15 09:03:00,207,679,283,101,194,301,545,601,0,3,2,0.1333434797156167,0.1285246985185258,0.17407448678592186,62,54,13,37,61,38,REJECT,Mechanical screening failed (37.0 < 62)
P43,P36,99,0,False,2025-01-15 10:20:00,168,701,229,258,264,312,610,100,0,3,0,0.13392784592366275,0.12911929168544004,0.1560771548570535,52,34,16,26,63,49,REJECT,Mechanical screening failed (26.0 < 62)
P43,P04,99,0,False,2025-01-15 10:17:00,84,611,311,50,805,189,546,591,9,1,0,0.17730244139502058,0.17817942096172262,0.15130682437318083,47,46,10,15,54,75,REJECT,Mechanical screening failed (15.0 < 62)
P43,P04,99,0,False,2025-01-15 10:42:00,171,660,268,319,671,437,764,620,4,1,9,0.14930400351919298,0.1691151951313229,0.13938209274823934,66,20,19,29,59,26,REJECT,Gap screening failed (26.0 < 38)
P43,P04,99,0,False,2025-01-15 09:30:00,146,588,226,307,354,269,403,198,3,8,6,0.14301759067994418,0.1990556482821888,0.18774088598766558,66,68,12,28,56,49,REJECT,Mechanical screening failed (28.0 < 62)
P43,P04,99,0,False,2025-01-15 10:30:00,62,654,296,50,252,372,428,252,4,1,0,0.1452496294167086,0.15013652367961566,0.1913753777519189,54,53,16,23,60,71,REJECT,Mechanical screening failed (23.0 < 62)
P43,P04,99,0,False,2025-01-15 09:20:00,74,520,194,50,597,256,648,527,2,7,7,0.13852644755666987,0.13795071661303768,0.13650585997813763,30,55,19,20,66,67,REJECT,Mechanical screening failed (20.0 < 62)
